date,num_workers,num_days,num_shifts,num_variables,num_constraints_total,num_constraints_sum,num_constraints_seq,num_constraints_ord,num_constraints_fil,num_constraints_fai,num_constraints_eve,num_fixed_assignments,num_requests,num_shift_demands,total_time,setup_time,solve_time,variables_time,constraints_time,objective_time,status,objective,best_bound,integers,booleans,conflicts,branches,propagations,integer_propagations,restarts,lp_iterations,walltime,usertime,deterministic_time,gap_integral,solution_fingerprint,commit
2023-11-09 17:36:54,20,98,4,7840,1,1,0,0,0,0,0,0,0,294,0.4995143413543701,0.2458789348602295,0.24879700000000002,0.050024986267089844,0.18796110153198242,0.007889986038208008,OPTIMAL,0,0,6520,7771,0,15542,53922,30599,15542,65,0.248797,0.248797,0.0390996,0.105756,0x1d0ccf67c5f655c5,541c538c5bc6e2dbf23c63547f65b5308fbf3acd
2023-11-10 16:57:55,20,14,4,1120,6,6,0,0,0,0,0,0,0,42,0.16423702239990234,0.0812830924987793,0.07455,0.00464320182800293,0.06992578506469727,0.006713151931762695,OPTIMAL,214000,214000,1110,988,0,1976,2500,4163,1976,684,0.07455,0.07455,0.0774099,0.0034854,0xbfb505f5715037e6,0064ded93331c300d209959678bb6fd520844e0e
2023-11-10 16:58:08,20,35,4,2800,6,6,0,0,0,0,0,0,0,105,0.4350879192352295,0.21521997451782227,0.21673800000000001,0.019214153289794922,0.17926788330078125,0.01673603057861328,OPTIMAL,535000,535000,2965,2997,156,9224,23550,27015,5368,3763,0.216738,0.216738,0.460112,0.148835,0x21762d0889940386,0064ded93331c300d209959678bb6fd520844e0e
2023-11-10 17:00:32,20,98,4,7840,6,6,0,0,0,0,0,0,0,294,1.4914650917053223,0.5846498012542725,0.898536,0.06156587600708008,0.47634410858154297,0.0467381477355957,OPTIMAL,1498000,1498000,8825,8082,1736,41605,170880,128377,16175,14835,0.898536,0.898536,2.36491,3.9599,0x97c4b46c01a57f45,0064ded93331c300d209959678bb6fd520844e0e
2023-11-13 12:56:21,8,189,4,6048,6,6,0,0,0,0,0,0,0,294,0.844365119934082,0.4145348072052002,0.421341,0.025436878204345703,0.35346412658691406,0.03563189506530762,OPTIMAL,14000,14000,6017,5822,102,21937,23516,42763,9919,5091,0.421341,0.421341,0.491458,0.314575,0xdacf94ef301bb33f,0064ded93331c300d209959678bb6fd520844e0e
2023-11-13 12:59:37,8,189,4,6048,6,6,0,0,0,0,0,0,0,294,7.0157670974731445,6.641364812850952,0.35455200000000003,0.05483388900756836,6.511591911315918,0.0749349594116211,OPTIMAL,14000,14000,6017,5807,16,16078,18945,32292,9917,4154,0.354552,0.354552,0.150331,0.0597671,0xdacf94ef301bb33f,0064ded93331c300d209959678bb6fd520844e0e
2023-11-13 12:59:38,8,189,4,6048,6,6,0,0,0,0,0,0,0,294,1.0293238162994385,0.6162991523742676,0.39765300000000003,0.04312324523925781,0.527778148651123,0.045394182205200195,OPTIMAL,14000,14000,6017,5807,16,15881,18862,32054,9917,4119,0.397653,0.397654,0.314262,0.225715,0xdacf94ef301bb33f,0064ded93331c300d209959678bb6fd520844e0e
2023-11-13 12:59:46,8,189,4,6048,6,6,0,0,0,0,0,0,0,567,0.9627902507781982,0.46367835998535156,0.492408,0.03291487693786621,0.39468908309936523,0.0360262393951416,OPTIMAL,27000,27000,7040,7294,485,30279,51200,73902,12831,12637,0.492408,0.492408,0.624329,1.71034,0x98568d43c13211d8,0064ded93331c300d209959678bb6fd520844e0e
2023-11-13 13:02:50,8,189,4,6048,6,6,0,0,0,0,0,0,0,567,0.9992377758026123,0.47054576873779297,0.5203990000000001,0.026512861251831055,0.407163143157959,0.036869049072265625,OPTIMAL,27000,27000,7040,7292,100,27306,44631,65866,12831,9831,0.520399,0.520399,0.623738,0.806227,0x11d6d622fcb4554c,0064ded93331c300d209959678bb6fd520844e0e
2023-11-13 13:10:04,8,189,4,6048,7,6,1,0,0,0,0,0,0,567,121.23204493522644,89.34597301483154,30.623199000000003,0.024137020111083984,85.26425504684448,4.057512998580933,OPTIMAL,27000,27000,148102,147104,43620,580816,27982050,67572748,294219,274567,30.6232,30.6232,73.7431,28.925,0x8632c3bb0f0aa200,0064ded93331c300d209959678bb6fd520844e0e
2023-11-13 13:37:16,8,14,4,448,7,6,1,0,0,0,0,0,0,42,0.1708981990814209,0.11390805244445801,0.051881000000000004,0.002675294876098633,0.09134578704833984,0.01988506317138672,OPTIMAL,2000,2000,1143,1082,51,3239,3345,10034,2165,777,0.051881,0.051881,0.017107,0.0117372,0xfdf45d9b11e379f0,0064ded93331c300d209959678bb6fd520844e0e
2023-11-13 13:51:48,8,14,4,448,7,6,1,0,0,0,0,0,0,42,0.1629798412322998,0.11356186866760254,0.04696,0.0027489662170410156,0.09096884727478027,0.01984119415283203,OPTIMAL,2000,2000,1143,1082,6,2878,1817,4505,2164,350,0.04696,0.04696,0.0105132,0.00877056,0xfdf45d9b11e379f0,0064ded93331c300d209959678bb6fd520844e0e
2023-11-13 13:53:08,8,98,4,3136,7,6,1,0,0,0,0,0,0,294,19.436394929885864,14.020670890808105,5.275546,0.0223238468170166,12.911654710769653,1.0866889953613281,OPTIMAL,14000,14000,41098,40593,10319,174857,179338,409879,81188,69277,5.27555,5.27555,4.98179,2.70173,0x5168d4417677838c,0064ded93331c300d209959678bb6fd520844e0e
2023-11-13 14:20:10,8,98,4,3136,7,6,1,0,0,0,0,0,0,294,331.870414018631,326.3808717727661,5.352182,0.013234853744506836,325.30981492996216,1.0578198432922363,OPTIMAL,14000,14000,41098,40593,3871,206168,693520,1950652,81188,27768,5.35218,5.35218,4.35734,2.70173,0x5168d4417677838c,0064ded93331c300d209959678bb6fd520844e0e
2023-11-13 14:21:19,8,98,4,3136,7,6,1,0,0,0,0,0,0,294,40.859630823135376,35.12546181678772,5.606601,0.01269078254699707,34.04056406021118,1.0722050666809082,OPTIMAL,14000,14000,41098,40593,9504,173919,171303,403208,81188,62440,5.6066,5.6066,4.61742,3.03803,0x5168d4417677838c,0064ded93331c300d209959678bb6fd520844e0e
2023-11-13 14:21:45,8,98,4,3136,7,6,1,0,0,0,0,0,0,294,19.755079746246338,14.157949924468994,5.452922,0.024689912796020508,13.021870136260986,1.111387014389038,OPTIMAL,14000,14000,41098,40593,7508,239272,181986,556990,81188,57707,5.45292,5.45292,4.12966,3.85922,0x5168d4417677838c,0064ded93331c300d209959678bb6fd520844e0e
2023-11-13 15:19:45,8,98,4,3136,7,6,1,0,0,0,0,0,0,294,667.5345468521118,661.4058620929718,5.9135860000000005,0.018213987350463867,659.443253993988,1.9443912506103516,OPTIMAL,14000,14000,41098,40593,11535,195046,214683,447113,81188,74469,5.91359,5.91359,5.47856,4.10432,0xbc6e8abbb60150ef,0064ded93331c300d209959678bb6fd520844e0e
2023-11-13 15:19:46,8,98,4,3136,7,6,1,0,0,0,0,0,0,294,50.99915790557861,44.355775117874146,6.495042000000001,0.031410932540893555,42.86885905265808,1.455502986907959,OPTIMAL,14000,14000,41098,40593,8033,239900,186810,560451,81188,60928,6.49504,6.49504,4.85771,2.70173,0x5168d4417677838c,0064ded93331c300d209959678bb6fd520844e0e
2023-11-13 15:19:54,8,98,4,3136,7,6,1,0,0,0,0,0,0,294,0.49332499504089355,0.30718302726745605,0.181205,0.018098115921020508,0.2481989860534668,0.04088425636291504,OPTIMAL,14000,14000,3615,3727,15,9561,17047,23675,6589,3979,0.181205,0.181205,0.119752,0.0321147,0x6fe0dd6e54493722,0064ded93331c300d209959678bb6fd520844e0e
2023-11-13 15:39:36,8,98,4,3136,7,6,1,0,0,0,0,0,0,294,0.6607818603515625,0.345996618270874,0.30915600000000004,0.014429807662963867,0.2909409999847412,0.04062485694885254,OPTIMAL,14000,14000,4445,4563,409,18639,27120,41444,8211,7017,0.309156,0.309156,0.317135,0.0678619,0xa7adc41a03187718,0064ded93331c300d209959678bb6fd520844e0e
2023-11-13 17:42:15,8,98,4,3136,8,6,2,0,0,0,0,0,0,294,34.33029127120972,13.96090316772461,20.213224,0.024181842803955078,12.830591917037964,1.1061229705810547,FEASIBLE,40000,15000,41884,41377,9264,778702,40506366,88241447,82756,27109,20.2132,20.2132,50.8259,512.809,0x8f2145ed1df97808,0064ded93331c300d209959678bb6fd520844e0e
2023-11-13 18:16:51,8,98,4,3136,8,6,2,0,0,0,0,0,0,294,20.446130990982056,0.3977210521697998,20.041945000000002,0.013015031814575195,0.32191920280456543,0.06278395652770996,FEASIBLE,26000,15000,5238,5448,60640,411524,48055440,101270388,9820,337424,20.0419,20.0419,87.6952,812.278,0x570f988e3a735cd3,0064ded93331c300d209959678bb6fd520844e0e
2023-11-13 18:18:49,8,98,4,3136,7,6,1,0,0,0,0,0,0,294,0.6375741958618164,0.33094024658203125,0.30232000000000003,0.012717008590698242,0.2783229351043701,0.03989815711975098,OPTIMAL,14000,14000,4445,4563,898,19110,33707,44668,8211,9209,0.30232,0.30232,0.265729,0.0697255,0xa7adc41a03187718,0064ded93331c300d209959678bb6fd520844e0e
2023-11-13 18:22:26,8,98,4,3136,7,6,1,0,0,0,0,0,0,294,19.482195377349854,14.023957014083862,5.303738,0.01697087287902832,12.950224876403809,1.0567569732666016,OPTIMAL,14000,14000,41098,40593,8600,240607,192676,565109,81188,65246,5.30374,5.30374,4.88002,2.33603,0x5168d4417677838c,0064ded93331c300d209959678bb6fd520844e0e
2023-11-13 18:23:12,8,98,4,3136,7,6,1,0,0,0,0,0,0,294,0.6503241062164307,0.33489203453063965,0.309993,0.013374090194702148,0.2816798686981201,0.039835214614868164,OPTIMAL,14000,14000,4445,4562,431,18601,26581,40607,8211,7587,0.309993,0.309993,0.349453,0.220669,0xa7adc41a03187718,0064ded93331c300d209959678bb6fd520844e0e
2023-11-13 18:35:35,8,98,4,3136,1,0,1,0,0,0,0,0,0,294,0.39116597175598145,0.17027997970581055,0.215461,0.014718055725097656,0.13488292694091797,0.02067708969116211,OPTIMAL,0,0,2472,3877,0,7426,13818,9551,7426,0,0.215461,0.215461,0.0196891,0.0475349,0xd03c14b045163784,ddd917053edb0e5c0084474120681b7cb86f4b87
2023-11-13 18:36:31,8,98,4,3136,1,0,1,0,0,0,0,0,0,294,17.97552990913391,13.870795965194702,3.945009,0.013887882232666016,12.808364868164062,1.0485398769378662,OPTIMAL,0,0,39122,40368,596,109354,139621,283367,80743,3108,3.94501,3.94501,0.461679,0.890372,0xad8d0d4f045acd7c,ddd917053edb0e5c0084474120681b7cb86f4b87
2023-11-13 18:51:31,8,98,4,3136,7,6,1,0,0,0,0,0,0,294,0.6410729885101318,0.34330105781555176,0.291192,0.019807815551757812,0.28350329399108887,0.03998994827270508,OPTIMAL,14000,14000,4445,4563,429,18449,27529,40547,8211,6777,0.291192,0.291192,0.262216,0.214734,0xa7adc41a03187718,94cc1fda7eca926f9e6468a47270fb2866a9148e
2023-11-13 18:51:46,8,98,4,3136,8,6,2,0,0,0,0,0,0,294,0.8511898517608643,0.4704320430755615,0.375218,0.020302772521972656,0.3886861801147461,0.06144213676452637,OPTIMAL,14000,14000,5184,5290,89,19426,20683,36880,9668,4931,0.375218,0.375218,0.161711,0.0745886,0xd7a5ba3d83264e9b,94cc1fda7eca926f9e6468a47270fb2866a9148e
2023-11-13 18:53:11,8,98,4,3136,9,6,3,0,0,0,0,0,0,294,16.996171236038208,0.5356569290161133,16.454061,0.020511865615844727,0.43326592445373535,0.08187699317932129,OPTIMAL,43000,43000,5952,6062,60276,146558,51890958,118375933,11194,38598,16.4541,16.4541,78.2498,47.1295,0x196fedb9ecb5ef1f,94cc1fda7eca926f9e6468a47270fb2866a9148e
2023-11-13 18:54:04,8,98,4,3136,9,6,3,0,0,0,0,0,0,294,6.857219219207764,0.5211801528930664,6.32824,0.01293802261352539,0.42388010025024414,0.08436083793640137,OPTIMAL,43000,43000,5952,6073,11168,76350,19845370,42171845,11193,23065,6.32824,6.32824,24.2276,26.7474,0x16279f013f4ae8ea,94cc1fda7eca926f9e6468a47270fb2866a9148e
2023-11-13 19:01:38,8,98,4,3136,9,6,3,0,0,0,0,0,0,294,8.543243885040283,0.5399200916290283,7.994878000000001,0.022194862365722656,0.43601083755493164,0.08171319961547852,OPTIMAL,43000,43000,5952,6058,20520,79488,14641926,35021897,11194,26057,7.99488,7.99488,32.8118,31.5511,0x4a86c6d469de0655,94cc1fda7eca926f9e6468a47270fb2866a9148e
2023-11-13 19:02:06,8,98,4,3136,9,6,3,0,0,0,0,0,0,294,6.805334806442261,0.5159299373626709,6.281396,0.013000011444091797,0.4200010299682617,0.08292770385742188,OPTIMAL,43000,43000,5952,6070,16711,90033,17622489,38552136,11193,30775,6.2814,6.2814,23.8416,22.2869,0x8aaed94eeb233c48,94cc1fda7eca926f9e6468a47270fb2866a9148e
2023-11-13 19:03:50,8,98,4,3136,10,6,4,0,0,0,0,0,0,294,8.63177490234375,0.6292741298675537,7.993461000000001,0.013918876647949219,0.5125129222869873,0.10284113883972168,OPTIMAL,43000,43000,6696,6329,17626,78340,10145511,22990667,12660,22977,7.99346,7.99346,36.4591,26.2571,0x255cbc4a0595943f,94cc1fda7eca926f9e6468a47270fb2866a9148e
2023-11-13 19:10:53,8,98,4,3136,11,6,4,1,0,0,0,0,0,294,20.769815921783447,0.7190279960632324,20.043353,0.036665916442871094,0.5577800273895264,0.12458109855651855,FEASIBLE,44000,42000,7351,6976,40931,127678,77484538,153722832,13954,17437,20.0434,20.0434,96.8303,679.294,0x2e88d8e74b7a1cfa,94cc1fda7eca926f9e6468a47270fb2866a9148e
2023-11-13 19:19:06,8,98,4,3136,11,6,4,1,0,0,0,0,0,294,15.110559940338135,0.689115047454834,14.412397,0.012292861938476562,0.5551698207855225,0.12164878845214844,OPTIMAL,43000,43000,7351,6976,31428,109953,58589479,116144282,13954,16725,14.4124,14.4124,67.4746,56.5211,0x87061abf8c2290de,94cc1fda7eca926f9e6468a47270fb2866a9148e
2023-11-13 19:20:01,8,98,4,3136,10,6,4,0,0,0,0,0,0,294,6.176486015319824,0.641340970993042,5.527874000000001,0.01300191879272461,0.5108768939971924,0.11745905876159668,OPTIMAL,43000,43000,6696,6329,8644,65301,7047507,15565688,12660,22076,5.52787,5.52788,23.8701,22.6094,0xa15334977cf318e4,94cc1fda7eca926f9e6468a47270fb2866a9148e
2023-11-13 19:20:35,8,98,4,3136,11,6,4,1,0,0,0,0,0,294,23.253439903259277,0.7142889499664307,22.531187000000003,0.012470006942749023,0.5787739753723145,0.12304282188415527,OPTIMAL,43000,43000,7351,6976,38625,105605,49769993,105465442,13954,23160,22.5312,22.5312,111.85,58.0738,0xe705c17273b04da0,94cc1fda7eca926f9e6468a47270fb2866a9148e
2023-11-13 19:31:37,8,98,4,3136,12,6,4,2,0,0,0,0,0,294,11.477719068527222,0.7895359992980957,10.679037000000001,0.017873048782348633,0.624392032623291,0.14726901054382324,OPTIMAL,43000,43000,8222,7843,20841,103698,21957703,48794103,15692,37410,10.679,10.679,41.7533,39.1099,0x45663f1787dbb204,94cc1fda7eca926f9e6468a47270fb2866a9148e
2023-11-13 19:32:37,8,98,4,3136,12,6,4,2,0,0,0,0,0,294,19.113723039627075,0.7830479145050049,18.321087000000002,0.013238191604614258,0.6016371250152588,0.16816997528076172,OPTIMAL,43000,43000,8103,8212,34904,183421,68939986,139771514,15452,39684,18.3211,18.3211,79.8119,50.6542,0x59af7e8a3c1b304c,94cc1fda7eca926f9e6468a47270fb2866a9148e
2023-11-14 15:11:05,8,98,4,3136,12,6,4,2,0,0,0,0,0,42,1.054183006286621,0.7400448322296143,0.304091,0.019494056701660156,0.5724968910217285,0.14804911613464355,OPTIMAL,0,0,6652,7401,0,18796,10671,20837,14802,240,0.304091,0.304091,0.039551,0.229317,0xa79ab9cf678cf754,da3937cbc6371cbc9a5dd6c6a280bb31e42f216b
2023-11-14 15:53:39,8,98,4,3136,12,6,4,2,0,0,0,0,0,42,1.1102089881896973,0.756162166595459,0.345054,0.044915199279785156,0.5681149959564209,0.1431288719177246,OPTIMAL,0,0,6652,7401,2,19565,11121,26408,14802,280,0.345054,0.345054,0.0475815,0.225821,0xa79ab9cf678cf754,da3937cbc6371cbc9a5dd6c6a280bb31e42f216b
2023-11-17 10:50:21,8,98,4,3136,12,6,4,2,0,0,0,0,0,42,1.090728998184204,0.7437198162078857,0.33148700000000003,0.019093990325927734,0.5736339092254639,0.15098905563354492,OPTIMAL,0,0,6806,7401,30,20114,10251,31863,14802,692,0.331487,0.331487,0.0557536,0.256604,0xff2f0049449fc12,009975d08a9a60aadcd1f3088ef8a4cbf5ddeea7
2023-11-17 10:59:47,8,98,4,3136,12,6,4,2,0,0,0,0,0,294,0.8798599243164062,0.7793340682983398,0.091725,0.012800931930541992,0.616520881652832,0.15001130104064941,OPTIMAL,1342000,1342000,1064,825,0,1913,1798,3200,1650,518,0.091725,0.091725,0.00953302,0,0x354243ae77618d5f,009975d08a9a60aadcd1f3088ef8a4cbf5ddeea7
2023-11-17 11:08:29,8,98,4,3136,12,6,4,2,0,0,0,0,0,294,11.354537963867188,0.7873179912567139,10.554794000000001,0.017848968505859375,0.6211528778076172,0.14831280708312988,OPTIMAL,43000,43000,8103,7722,21523,59669,34339118,67625095,15446,27527,10.5548,10.5548,44.411,42.1008,0x179446165cb7d5c0,009975d08a9a60aadcd1f3088ef8a4cbf5ddeea7
2023-11-17 12:02:40,8,98,4,3136,12,6,4,2,0,0,0,0,0,294,11.381538152694702,0.7651870250701904,10.606274,0.01231694221496582,0.6067252159118652,0.14614200592041016,OPTIMAL,43000,43000,8103,8197,19621,111074,47210682,95582772,15452,56008,10.6063,10.6063,46.148,42.0478,0x8f41d3fb7db1a48d,d9060d786749d2942dffbd5e5ea5dbac1988f091
2023-11-18 10:53:02,8,98,4,3136,12,6,4,2,0,0,0,0,0,294,13.834192037582397,0.7855057716369629,13.032705,0.01892375946044922,0.6159820556640625,0.15059900283813477,OPTIMAL,43000,43000,8103,7722,27432,81577,40456098,80504574,15446,22674,13.0327,13.0327,57.7334,47.9919,0x53086058b79fbe49,d9060d786749d2942dffbd5e5ea5dbac1988f091
2023-11-18 10:57:13,8,98,4,3136,12,6,4,2,0,0,0,0,0,294,8.690407276153564,0.7860321998596191,7.894191,0.02369999885559082,0.6147239208221436,0.14760494232177734,OPTIMAL,43000,43000,8103,7722,19384,58987,20234450,40670917,15446,14230,7.89419,7.89419,31.4697,31.0728,0xb9466a9176b9fc3e,d9060d786749d2942dffbd5e5ea5dbac1988f091
2023-11-20 09:42:38,8,98,4,3136,12,6,4,2,0,0,0,0,0,294,15.975604057312012,0.7652318477630615,15.193773,0.014365911483764648,0.603384256362915,0.14747977256774902,OPTIMAL,43000,43000,8103,7722,41345,103291,47210436,94931589,15448,33993,15.1938,15.1938,63.4955,50.848,0x6b595d2bb3a3fe17,e02800388b7dd4231928897dfd66b4e706948975
2023-11-20 09:43:38,8,98,4,3136,12,6,4,2,0,0,0,0,0,294,13.782575845718384,0.7708127498626709,13.00093,0.012914896011352539,0.6113159656524658,0.1465778350830078,OPTIMAL,43000,43000,8103,8176,29448,118914,35343437,74803592,15450,41283,13.0009,13.0009,56.1356,49.7208,0x962b39dae3513b90,e02800388b7dd4231928897dfd66b4e706948975
2023-11-20 09:46:54,8,98,4,3136,12,6,4,2,0,0,0,0,0,294,20.847910165786743,0.7912218570709229,20.045653,0.02400994300842285,0.6192560195922852,0.14795374870300293,FEASIBLE,44000,43000,8103,7722,41837,131938,66734818,133659070,15448,29107,20.0457,20.0457,83.3484,71.5415,0x6e5dff302a1f39d8,e02800388b7dd4231928897dfd66b4e706948975
2023-11-20 09:48:43,8,98,4,3136,12,6,4,2,0,0,0,0,0,294,8.394838094711304,0.7956101894378662,7.589446000000001,0.014681816101074219,0.628896951675415,0.15202832221984863,OPTIMAL,43000,43000,8103,8168,11976,88134,27896781,56264218,15452,42470,7.58945,7.58945,30.8212,30.1869,0xcf30f2f20dc5388f,e02800388b7dd4231928897dfd66b4e706948975
2023-11-20 09:55:27,8,98,4,3136,12,6,4,2,0,0,0,0,0,294,13.994945049285889,0.7763500213623047,13.206109000000001,0.01351618766784668,0.6123158931732178,0.15051603317260742,OPTIMAL,43000,43000,8103,8185,22085,122955,44814283,91439848,15450,35937,13.2061,13.2061,54.6968,51.3306,0x18c3e04fd29ab153,e02800388b7dd4231928897dfd66b4e706948975
2023-11-20 09:56:01,8,98,4,3136,12,6,4,2,0,0,0,0,0,294,8.66539216041565,0.801555871963501,7.853159000000001,0.02322983741760254,0.6268558502197266,0.15146803855895996,OPTIMAL,43000,43000,8103,7722,13655,55743,30707986,59647362,15446,19955,7.85316,7.85316,32.2903,32.2463,0xde0a91ec461ab02d,e02800388b7dd4231928897dfd66b4e706948975
2023-11-20 10:05:20,8,98,4,3136,12,6,4,2,0,0,0,0,0,294,10.914988994598389,0.8251950740814209,10.079971,0.013164997100830078,0.661733865737915,0.15029406547546387,OPTIMAL,43000,43000,8103,8170,20893,107795,31131548,63557182,15452,57625,10.08,10.08,43.7155,43.7482,0x3de0151d2371621b,e02800388b7dd4231928897dfd66b4e706948975
2023-11-20 10:42:22,8,98,4,3136,6,6,0,0,0,0,0,0,0,294,0.4669318199157715,0.24380111694335938,0.212259,0.013593196868896484,0.21123385429382324,0.01897120475769043,OPTIMAL,14000,14000,3615,3741,16,11049,18779,26900,6589,4083,0.212259,0.212259,0.194583,0.183416,0x71ac66daffb0ec75,e02800388b7dd4231928897dfd66b4e706948975
2023-11-20 10:43:27,8,98,4,3136,6,6,0,0,0,0,0,0,0,294,0.43425798416137695,0.23947811126708984,0.18977300000000003,0.013961076736450195,0.20675086975097656,0.01876521110534668,OPTIMAL,14000,14000,3615,3744,117,14120,23141,34012,6591,5678,0.189773,0.189773,0.198308,0.274465,0x71ac66daffb0ec75,e02800388b7dd4231928897dfd66b4e706948975
2023-11-20 10:47:58,8,98,4,3136,6,6,0,0,0,0,0,0,0,294,0.43451714515686035,0.23366999626159668,0.195284,0.01214599609375,0.20278501510620117,0.0187380313873291,OPTIMAL,14000,14000,3615,3741,55,11162,19010,27355,6590,4901,0.195284,0.195284,0.172318,0.0322657,0x71ac66daffb0ec75,e02800388b7dd4231928897dfd66b4e706948975
2023-11-20 10:51:02,8,98,4,3136,6,6,0,0,0,0,0,0,0,294,0.445281982421875,0.23398232460021973,0.20645300000000003,0.012417078018188477,0.20311403274536133,0.018451213836669922,OPTIMAL,14000,14000,3615,3743,104,12909,21793,31658,6591,5626,0.206453,0.206453,0.179687,0.0344212,0x71ac66daffb0ec75,e02800388b7dd4231928897dfd66b4e706948975
2023-11-20 10:51:51,8,98,4,3136,6,6,0,0,0,0,0,0,0,294,0.4205148220062256,0.23847579956054688,0.17671900000000001,0.012443780899047852,0.20760297775268555,0.01842808723449707,OPTIMAL,14000,14000,3615,3741,52,11146,18956,27197,6590,4869,0.176719,0.176719,0.171277,0.0322657,0x71ac66daffb0ec75,e02800388b7dd4231928897dfd66b4e706948975
2023-11-20 10:56:35,8,98,4,3136,6,6,0,0,0,0,0,0,0,294,0.4762098789215088,0.2395477294921875,0.230855,0.012073993682861328,0.20806097984313965,0.019409894943237305,OPTIMAL,14000,14000,3615,3727,34,10648,19520,27056,6589,4230,0.230855,0.230855,0.175332,0.217902,0x6b087b0bd19ff162,e02800388b7dd4231928897dfd66b4e706948975
2023-11-20 10:57:51,8,98,4,3136,6,6,0,0,0,0,0,0,0,294,0.46941328048706055,0.23487210273742676,0.229529,0.012144327163696289,0.20448875427246094,0.01823902130126953,OPTIMAL,14000,14000,3615,3743,50,13161,23202,34288,6590,5101,0.229529,0.229529,0.317106,0.317078,0x4f93171ed822bd8a,e02800388b7dd4231928897dfd66b4e706948975
2023-11-20 11:01:03,8,98,4,3136,6,6,0,0,0,0,0,0,0,294,0.4887511730194092,0.23050379753112793,0.25186200000000003,0.01195383071899414,0.20046615600585938,0.018082141876220703,OPTIMAL,14000,14000,3615,3743,50,13161,23202,34288,6590,5101,0.251862,0.251862,0.34622,0.317078,0x318b4b2a26d6ac78,e02800388b7dd4231928897dfd66b4e706948975
2023-11-20 11:04:15,8,98,4,3136,6,6,0,0,0,0,0,0,0,294,0.4389839172363281,0.23637819290161133,0.19778600000000002,0.01235198974609375,0.20547699928283691,0.01854729652404785,OPTIMAL,14000,14000,3615,3743,127,14354,23778,34687,6591,6065,0.197786,0.197786,0.229455,0.0322657,0x71ac66daffb0ec75,e02800388b7dd4231928897dfd66b4e706948975
2023-11-20 11:10:16,8,98,4,3136,6,6,0,0,0,0,0,0,0,294,0.46228885650634766,0.2393949031829834,0.217531,0.01214599609375,0.2087090015411377,0.01853799819946289,OPTIMAL,14000,14000,3615,3743,137,15000,24762,36241,6591,6205,0.217531,0.217531,0.151864,0.0321147,0x71ac66daffb0ec75,e02800388b7dd4231928897dfd66b4e706948975
2023-11-20 11:12:17,8,98,4,3136,6,6,0,0,0,0,0,0,0,294,0.47351717948913574,0.2513248920440674,0.217265,0.0185239315032959,0.212846040725708,0.019953012466430664,OPTIMAL,14000,14000,3615,3741,52,11051,18871,26942,6590,4614,0.217265,0.217265,0.152516,0.0322657,0x71ac66daffb0ec75,e02800388b7dd4231928897dfd66b4e706948975
2023-11-20 11:14:50,8,98,4,3136,6,6,0,0,0,0,0,0,0,294,0.4490320682525635,0.24892902374267578,0.19525900000000002,0.019264936447143555,0.21095705032348633,0.018704891204833984,OPTIMAL,14000,14000,3615,3742,135,13636,23527,33647,6591,5760,0.195259,0.195259,0.228487,0.183416,0xa305bb9ac61fdb58,e02800388b7dd4231928897dfd66b4e706948975
2023-11-20 11:21:23,8,98,4,3136,6,6,0,0,0,0,0,0,0,294,0.4593770503997803,0.24327898025512695,0.210965,0.013704776763916016,0.21088004112243652,0.018693208694458008,OPTIMAL,14000,14000,3615,3744,159,14420,23816,34906,6592,6260,0.210965,0.210965,0.226523,0.183048,0x71ac66daffb0ec75,e02800388b7dd4231928897dfd66b4e706948975
2023-11-20 11:21:38,8,98,4,3136,6,6,0,0,0,0,0,0,0,294,0.42067503929138184,0.23518586158752441,0.18074600000000002,0.012331962585449219,0.20452594757080078,0.0183260440826416,OPTIMAL,14000,14000,3615,3741,24,11517,19812,28295,6589,4350,0.180746,0.180746,0.0979035,0.0236999,0x71ac66daffb0ec75,e02800388b7dd4231928897dfd66b4e706948975
2023-11-20 11:33:46,8,98,4,3136,6,6,0,0,0,0,0,0,0,294,0.42522692680358887,0.2319040298461914,0.18824000000000002,0.012514114379882812,0.20120692253112793,0.01818084716796875,OPTIMAL,14000,14000,3615,3727,15,9561,17047,23674,6589,2929,0.18824,0.18824,0.092022,0.034332,0x71ac66daffb0ec75,e02800388b7dd4231928897dfd66b4e706948975
2023-11-20 11:34:04,8,98,4,3136,6,6,0,0,0,0,0,0,0,294,0.4571058750152588,0.23244595527648926,0.219639,0.012191057205200195,0.2022569179534912,0.017997026443481445,OPTIMAL,14000,14000,3615,3742,241,14873,26423,37104,6593,6907,0.219639,0.219639,0.331284,0.327193,0xa305bb9ac61fdb58,e02800388b7dd4231928897dfd66b4e706948975
2023-11-20 11:44:45,8,98,4,3136,6,6,0,0,0,0,0,0,0,294,0.497373104095459,0.27468109130859375,0.217588,0.017551183700561523,0.23813986778259277,0.01898813247680664,OPTIMAL,14000,14000,3615,3741,200,13353,23810,33285,6591,6246,0.217588,0.217588,0.208161,0.183416,0x6b087b0bd19ff162,e02800388b7dd4231928897dfd66b4e706948975
2023-11-20 11:45:22,8,98,4,3136,6,6,0,0,0,0,0,0,0,294,0.45819902420043945,0.24797916412353516,0.204827,0.016184091567993164,0.21274876594543457,0.019044160842895508,OPTIMAL,14000,14000,3615,3727,15,9561,17047,23665,6589,2776,0.204827,0.204827,0.159958,0.183416,0x71ac66daffb0ec75,e02800388b7dd4231928897dfd66b4e706948975
2023-11-20 11:46:04,8,98,4,3136,6,6,0,0,0,0,0,0,0,294,0.44000983238220215,0.23673295974731445,0.19851600000000003,0.012680768966674805,0.2057032585144043,0.018347978591918945,OPTIMAL,14000,14000,3615,3742,207,14566,25833,36301,6592,6637,0.198516,0.198516,0.203072,0.183416,0x6b087b0bd19ff162,e02800388b7dd4231928897dfd66b4e706948975
2023-11-20 11:47:38,8,98,4,3136,6,6,0,0,0,0,0,0,0,294,0.42116808891296387,0.23759794235229492,0.178796,0.012263059616088867,0.20670390129089355,0.018630027770996094,OPTIMAL,14000,14000,3615,3741,52,11111,18918,27138,6590,4511,0.178796,0.178796,0.118504,0.0339742,0x71ac66daffb0ec75,e02800388b7dd4231928897dfd66b4e706948975
2023-11-20 11:48:09,8,98,4,3136,6,6,0,0,0,0,0,0,0,294,0.44941091537475586,0.23975086212158203,0.20469800000000002,0.012758016586303711,0.20825862884521484,0.018732070922851562,OPTIMAL,14000,14000,3615,3742,104,12784,21661,31328,6591,5601,0.204698,0.204698,0.234285,0.0322657,0x71ac66daffb0ec75,e02800388b7dd4231928897dfd66b4e706948975
2023-11-20 11:48:51,8,98,4,3136,6,6,0,0,0,0,0,0,0,294,0.47955822944641113,0.23288178443908691,0.24168800000000001,0.012217998504638672,0.20216965675354004,0.018491744995117188,OPTIMAL,14000,14000,3615,3727,41,11541,21111,30588,6589,4738,0.241688,0.241688,0.383904,0.277378,0x318b4b2a26d6ac78,e02800388b7dd4231928897dfd66b4e706948975
2023-11-20 15:24:10,8,98,4,3136,6,6,0,0,0,0,0,0,0,294,0.49114489555358887,0.23789095878601074,0.247921,0.012284994125366211,0.20654797554016113,0.0190579891204834,OPTIMAL,14000,14000,3615,3727,15,9561,17047,23577,6589,2360,0.247921,0.247921,0.178366,0.213795,0x71ac66daffb0ec75,e02800388b7dd4231928897dfd66b4e706948975
2023-11-20 15:25:08,8,98,4,3136,6,6,0,0,0,0,0,0,0,294,0.4199368953704834,0.23778986930847168,0.17747600000000002,0.012498855590820312,0.20670223236083984,0.018585920333862305,OPTIMAL,14000,14000,3615,3741,52,11051,18871,26942,6590,4243,0.177476,0.177476,0.157499,0.0339742,0x71ac66daffb0ec75,e02800388b7dd4231928897dfd66b4e706948975
2023-11-20 15:25:40,8,98,4,3136,6,6,0,0,0,0,0,0,0,294,0.44350218772888184,0.2357630729675293,0.20267700000000002,0.012554168701171875,0.20476388931274414,0.01844191551208496,OPTIMAL,14000,14000,3615,3741,52,11145,18978,27213,6590,4915,0.202677,0.202677,0.171334,0.0344212,0x71ac66daffb0ec75,e02800388b7dd4231928897dfd66b4e706948975
2023-11-20 15:36:03,8,98,4,3136,6,6,0,0,0,0,0,0,0,294,0.46543002128601074,0.24146413803100586,0.21177900000000002,0.016575098037719727,0.20611095428466797,0.01877617835998535,OPTIMAL,14000,14000,3615,3741,52,11145,18978,27213,6590,4920,0.211779,0.211779,0.207329,0.0344212,0x71ac66daffb0ec75,e02800388b7dd4231928897dfd66b4e706948975
2023-11-20 16:40:23,8,98,4,3136,6,6,0,0,0,0,0,0,0,294,0.4643430709838867,0.23434233665466309,0.224279,0.012439250946044922,0.2035379409790039,0.018362998962402344,OPTIMAL,14000,14000,3615,3743,228,15085,26309,37278,6591,6790,0.224279,0.224279,0.324953,0.0334327,0x71ac66daffb0ec75,331d9a41bc09fc5ea26899c7022f8f7d1eceb67a
2023-11-20 17:02:13,8,98,4,3136,6,6,0,0,0,0,0,0,0,294,0.4516119956970215,0.24567103385925293,0.201826,0.01872396469116211,0.2083420753479004,0.018603086471557617,OPTIMAL,14000,14000,3615,3741,24,11241,19305,27498,6589,4260,0.201826,0.201826,0.194287,0.0339742,0x71ac66daffb0ec75,331d9a41bc09fc5ea26899c7022f8f7d1eceb67a
2023-11-20 17:20:06,8,98,4,3136,6,6,0,0,0,0,0,0,0,294,0.4695308208465576,0.26055073738098145,0.205051,0.04181385040283203,0.20051002502441406,0.018224716186523438,OPTIMAL,14000,14000,3615,3741,50,11806,20603,29229,6590,4626,0.205051,0.205051,0.166046,0.183416,0x71ac66daffb0ec75,331d9a41bc09fc5ea26899c7022f8f7d1eceb67a
2023-11-20 18:08:11,8,98,4,3136,6,6,0,0,0,0,0,0,0,294,0.46260666847229004,0.2516601085662842,0.207065,0.021999120712280273,0.2109050750732422,0.01875591278076172,OPTIMAL,14000,14000,3615,3727,41,11541,21111,30604,6589,4738,0.207065,0.207065,0.274593,0.281245,0x4f93171ed822bd8a,947ad80c9d48ccac5a96cea531ada79f5e63b2f5
2023-11-20 18:08:57,8,98,4,3136,6,6,0,0,0,0,0,0,0,294,0.42464208602905273,0.23258495330810547,0.18828,0.012260198593139648,0.20197510719299316,0.01834869384765625,OPTIMAL,14000,14000,3615,3727,15,9561,17047,23674,6589,2827,0.18828,0.18828,0.135973,0.183416,0x71ac66daffb0ec75,94216e4745b6eff0cb00aa32cca346650bb03da1
2023-11-22 14:48:14,8,98,4,3136,0,0,0,0,0,0,0,0,0,0,0.041121721267700195,0.030855178833007812,0.006654,0.01336216926574707,0.01745295524597168,3.814697265625e-05,OPTIMAL,0,0,1,0,0,0,0,1,0,0,0.006654,0.006654,0.0006272,0,0x3218e66e7eaef90f,c742dbad892751a34f5ba11b814a2dc91b23e3c0
2023-11-22 14:48:37,8,98,4,3136,0,0,0,0,0,0,0,0,0,3,0.0384669303894043,0.030580997467041016,0.006509,0.01305389404296875,0.017503023147583008,2.2172927856445312e-05,OPTIMAL,0,0,1,0,0,0,0,0,0,0,0.006509,0.006509,0.00063067,0,0x843b65e78586e69d,c742dbad892751a34f5ba11b814a2dc91b23e3c0
2023-11-22 14:50:03,8,98,4,3136,0,0,0,0,0,0,0,0,0,5,0.038374900817871094,0.03025674819946289,0.006668,0.012340068817138672,0.01789689064025879,1.7881393432617188e-05,OPTIMAL,0,0,1,0,0,0,0,0,0,0,0.006668,0.006668,0.00063131,0,0x98551944cea8e8e3,c742dbad892751a34f5ba11b814a2dc91b23e3c0
2023-11-22 15:39:05,8,98,5,3920,0,0,0,0,0,0,0,0,0,5,0.05648684501647949,0.046103715896606445,0.007409000000000001,0.02308487892150879,0.022989988327026367,2.7894973754882812e-05,OPTIMAL,0,0,1,0,0,0,0,1,0,0,0.007409,0.007409,0.00075675,0,0xae947d25689d9230,a18fded1a904067ba41f5e75971a3418ebcc0d43
2023-11-22 16:42:27,8,98,4,3136,0,0,0,0,0,0,0,0,0,18,0.05362200736999512,0.03198075294494629,0.02008,0.012206792831420898,0.01975417137145996,1.8835067749023438e-05,OPTIMAL,0,0,91,114,0,228,354,319,228,18,0.02008,0.02008,0.00134419,0,0x27e3cbd764bdb848,a18fded1a904067ba41f5e75971a3418ebcc0d43
2023-11-27 17:00:09,8,91,4,2912,0,0,0,0,0,0,0,0,0,273,0.16902780532836914,0.07583284378051758,0.08392000000000001,0.01252889633178711,0.06326985359191895,3.409385681152344e-05,OPTIMAL,0,0,1451,2154,0,4308,9194,5758,4308,472,0.08392,0.08392,0.00597512,0,0x8c53795827ce531b,13952c6282aa94dc2fbd981b67d0dcb1ab06e93a
2023-11-27 17:01:02,8,91,4,2912,0,0,0,0,0,0,0,0,0,273,0.1423020362854004,0.07460308074951172,0.065781,0.01236104965209961,0.062213897705078125,2.7179718017578125e-05,OPTIMAL,0,0,1451,2154,0,4308,9194,5758,4308,478,0.065781,0.065781,0.00652836,0,0x8c53795827ce531b,13952c6282aa94dc2fbd981b67d0dcb1ab06e93a
2023-11-27 17:37:55,8,91,4,2912,0,0,0,0,0,0,0,0,0,273,0.13834190368652344,0.07225871086120605,0.061719,0.011895895004272461,0.06032991409301758,3.0994415283203125e-05,OPTIMAL,0,0,1451,2154,0,4308,9194,5758,4308,0,0.061719,0.061719,0.00595443,0,0x8c53795827ce531b,13952c6282aa94dc2fbd981b67d0dcb1ab06e93a
2023-11-27 17:45:36,8,91,4,2912,0,0,0,0,0,0,0,0,0,273,0.13903403282165527,0.07207417488098145,0.063046,0.011667966842651367,0.06037497520446777,3.0040740966796875e-05,OPTIMAL,0,0,1451,2154,0,4308,9194,5758,4308,498,0.063046,0.063046,0.00678207,0,0x8c53795827ce531b,13952c6282aa94dc2fbd981b67d0dcb1ab06e93a
2023-11-27 17:49:26,8,91,4,2912,0,0,0,0,0,0,0,0,0,273,0.14074397087097168,0.07260918617248535,0.064255,0.01151585578918457,0.06105685234069824,3.409385681152344e-05,OPTIMAL,0,0,1451,2154,0,4308,9194,5758,4308,0,0.064255,0.064255,0.00624488,0,0x8c53795827ce531b,13952c6282aa94dc2fbd981b67d0dcb1ab06e93a
2023-11-27 17:53:11,8,91,4,2912,0,0,0,0,0,0,0,0,0,273,0.15137505531311035,0.08153295516967773,0.065706,0.0170748233795166,0.0644233226776123,3.1948089599609375e-05,OPTIMAL,0,0,1451,2154,10,6289,10428,7936,4309,529,0.065706,0.065706,0.00728561,0,0x63d6f66f08799ce4,13952c6282aa94dc2fbd981b67d0dcb1ab06e93a
2023-11-27 17:55:36,8,91,4,2912,0,0,0,0,0,0,0,0,0,273,0.1471407413482666,0.07647585868835449,0.066716,0.014944076538085938,0.061492919921875,3.6716461181640625e-05,OPTIMAL,0,0,1451,2154,10,6289,10428,7936,4309,529,0.066716,0.066716,0.00641224,0,0x63d6f66f08799ce4,13952c6282aa94dc2fbd981b67d0dcb1ab06e93a
2023-11-27 18:37:25,8,91,4,2912,0,0,0,0,0,0,0,0,0,273,0.13595318794250488,0.07185626029968262,0.06195200000000001,0.011635303497314453,0.06019997596740723,2.09808349609375e-05,OPTIMAL,0,0,1451,2154,0,4308,9194,5758,4308,0,0.061952,0.061952,0.00709023,0,0xb912d317d38f1f6,13952c6282aa94dc2fbd981b67d0dcb1ab06e93a
2023-11-27 19:08:34,8,91,4,2912,0,0,0,0,0,0,0,0,0,273,0.13610410690307617,0.07192397117614746,0.062367000000000006,0.011500120162963867,0.060402870178222656,1.9788742065429688e-05,OPTIMAL,0,0,1451,2154,0,4308,9194,5758,4308,0,0.062367,0.062367,0.00667711,0,0x8c53795827ce531b,13952c6282aa94dc2fbd981b67d0dcb1ab06e93a
2023-11-27 19:08:57,8,91,4,2912,0,0,0,0,0,0,0,0,0,273,0.1572737693786621,0.08919286727905273,0.066247,0.02180194854736328,0.06737303733825684,1.6927719116210938e-05,OPTIMAL,0,0,1451,2154,0,4308,9194,5758,4308,515,0.066247,0.066247,0.00724447,0,0xb912d317d38f1f6,13952c6282aa94dc2fbd981b67d0dcb1ab06e93a
2023-11-27 19:09:11,8,91,4,2912,0,0,0,0,0,0,0,0,0,273,0.14450693130493164,0.0762939453125,0.06636,0.015331745147705078,0.0609440803527832,1.4781951904296875e-05,OPTIMAL,0,0,1451,2154,10,6289,10428,7936,4309,529,0.06636,0.06636,0.00858604,0,0x63d6f66f08799ce4,13952c6282aa94dc2fbd981b67d0dcb1ab06e93a
2023-11-27 19:26:58,8,91,4,2912,0,0,0,0,0,0,0,0,0,273,0.13529682159423828,0.0696706771850586,0.063679,0.011316776275634766,0.0583341121673584,1.8835067749023438e-05,OPTIMAL,0,0,1451,2154,0,4308,9194,5758,4308,440,0.063679,0.063679,0.00576106,0,0x8c53795827ce531b,13952c6282aa94dc2fbd981b67d0dcb1ab06e93a
2023-11-27 19:27:09,8,91,4,2912,0,0,0,0,0,0,0,0,0,273,0.15133380889892578,0.08510494232177734,0.06430100000000001,0.020074129104614258,0.06501197814941406,1.7881393432617188e-05,OPTIMAL,0,0,1451,2154,0,4308,9194,5759,4308,528,0.064301,0.064301,0.00715952,0,0xb912d317d38f1f6,13952c6282aa94dc2fbd981b67d0dcb1ab06e93a
2023-11-27 19:27:38,8,91,4,2912,0,0,0,0,0,0,0,0,0,273,0.15627479553222656,0.0906059741973877,0.063834,0.022755146026611328,0.06782889366149902,1.9788742065429688e-05,OPTIMAL,0,0,1451,2154,0,4308,9194,5758,4308,528,0.063834,0.063834,0.00714827,0,0xb912d317d38f1f6,13952c6282aa94dc2fbd981b67d0dcb1ab06e93a
2023-11-27 19:27:46,8,91,4,2912,0,0,0,0,0,0,0,0,0,273,0.13507771492004395,0.06984686851501465,0.063302,0.010956048965454102,0.058873891830444336,1.5974044799804688e-05,OPTIMAL,0,0,1451,2154,0,4308,9194,5758,4308,528,0.063302,0.063302,0.00731193,0,0xb912d317d38f1f6,13952c6282aa94dc2fbd981b67d0dcb1ab06e93a
2023-11-27 19:27:53,8,91,4,2912,0,0,0,0,0,0,0,0,0,273,0.14332199096679688,0.07859492301940918,0.06293900000000001,0.01684093475341797,0.0617372989654541,1.5974044799804688e-05,OPTIMAL,0,0,1451,2154,0,4308,9194,5758,4308,525,0.062939,0.062939,0.0071308,0,0xb912d317d38f1f6,13952c6282aa94dc2fbd981b67d0dcb1ab06e93a
2023-11-27 19:28:34,8,91,4,2912,0,0,0,0,0,0,0,0,0,273,0.1378471851348877,0.07126307487487793,0.064794,0.012483835220336914,0.05876016616821289,1.5020370483398438e-05,OPTIMAL,0,0,1451,2154,6,5868,10120,7573,4308,528,0.064794,0.064794,0.00751601,0,0xb912d317d38f1f6,13952c6282aa94dc2fbd981b67d0dcb1ab06e93a
2023-11-27 19:28:47,8,91,4,2912,0,0,0,0,0,0,0,0,0,273,0.13903212547302246,0.07149100303649902,0.065668,0.011672019958496094,0.059799909591674805,1.811981201171875e-05,OPTIMAL,0,0,1451,2154,10,6289,10428,7936,4309,529,0.065668,0.065668,0.00766912,0,0x63d6f66f08799ce4,13952c6282aa94dc2fbd981b67d0dcb1ab06e93a
2023-11-27 19:28:56,8,91,4,2912,0,0,0,0,0,0,0,0,0,273,0.13657188415527344,0.07109999656677246,0.063488,0.01129007339477539,0.05978703498840332,2.09808349609375e-05,OPTIMAL,0,0,1451,2154,0,4308,9194,5758,4308,528,0.063488,0.063488,0.00713809,0,0xb912d317d38f1f6,13952c6282aa94dc2fbd981b67d0dcb1ab06e93a
2023-11-27 19:32:33,8,91,4,2912,0,0,0,0,0,0,0,0,0,273,0.14890694618225098,0.07862091064453125,0.06640900000000001,0.01605701446533203,0.06253194808959961,2.9802322387695312e-05,OPTIMAL,0,0,1451,2154,10,6289,10428,7936,4309,529,0.066409,0.066409,0.00732328,0,0x63d6f66f08799ce4,13952c6282aa94dc2fbd981b67d0dcb1ab06e93a
2023-11-27 19:32:40,8,91,4,2912,0,0,0,0,0,0,0,0,0,273,0.14098405838012695,0.0716249942779541,0.06735100000000001,0.01161503791809082,0.059988975524902344,2.002716064453125e-05,OPTIMAL,0,0,1451,2154,6,5973,10124,7628,4308,528,0.067351,0.067351,0.00833332,0,0x63d6f66f08799ce4,13952c6282aa94dc2fbd981b67d0dcb1ab06e93a
2023-11-27 19:32:46,8,91,4,2912,0,0,0,0,0,0,0,0,0,273,0.13815975189208984,0.07217574119567871,0.064072,0.011452913284301758,0.060700178146362305,2.09808349609375e-05,OPTIMAL,0,0,1451,2154,0,4308,9194,5758,4308,528,0.064072,0.064072,0.00715839,0,0xb912d317d38f1f6,13952c6282aa94dc2fbd981b67d0dcb1ab06e93a
2023-11-27 19:40:04,8,91,4,2912,0,0,0,0,0,0,0,0,0,273,0.16978216171264648,0.09689116477966309,0.07105,0.03595399856567383,0.06091618537902832,2.002716064453125e-05,OPTIMAL,0,0,1451,2154,10,6289,10428,7936,4309,529,0.07105,0.07105,0.00752492,0,0xa1350f3e59cf5612,13952c6282aa94dc2fbd981b67d0dcb1ab06e93a
2023-11-27 19:41:17,8,91,4,2912,0,0,0,0,0,0,0,0,2,273,0.1454770565032959,0.07346987724304199,0.07020900000000001,0.01214289665222168,0.06122708320617676,9.703636169433594e-05,OPTIMAL,2,2,1454,2154,0,4308,9194,5770,4308,481,0.070209,0.070209,0.00987345,0.0178221,0x331c026912db0bfe,13952c6282aa94dc2fbd981b67d0dcb1ab06e93a
2023-11-27 19:43:08,8,91,4,2912,0,0,0,0,0,0,0,0,2,273,0.14220428466796875,0.07186627388000488,0.067319,0.011523008346557617,0.06023812294006348,0.000102996826171875,OPTIMAL,2,2,1454,2154,9,6201,10186,7788,4308,528,0.067319,0.067319,0.00985858,0.0206252,0x331c026912db0bfe,13952c6282aa94dc2fbd981b67d0dcb1ab06e93a
2023-11-27 19:45:03,8,91,4,2912,0,0,0,0,0,0,0,0,2,273,0.138779878616333,0.0716559886932373,0.065274,0.011493206024169922,0.060072898864746094,8.893013000488281e-05,OPTIMAL,2,2,1454,2154,0,4308,9194,5770,4308,440,0.065274,0.065274,0.00956015,0,0x8896a6b94ef51db4,13952c6282aa94dc2fbd981b67d0dcb1ab06e93a
2023-11-27 19:46:45,8,91,4,2912,0,0,0,0,0,0,0,0,2,273,0.13665509223937988,0.07284998893737793,0.060239,0.012999773025512695,0.05974602699279785,0.0001010894775390625,OPTIMAL,2,2,1454,2154,0,4308,9194,5770,4308,440,0.060239,0.060239,0.00890407,0.000706624,0x8896a6b94ef51db4,13952c6282aa94dc2fbd981b67d0dcb1ab06e93a
2023-11-27 20:06:16,8,91,4,2912,0,0,0,0,0,0,0,0,2,273,0.15696096420288086,0.0934593677520752,0.061574000000000004,0.02212381362915039,0.07122397422790527,0.00010824203491210938,OPTIMAL,2,2,1454,2154,0,4308,9194,5770,4308,105,0.061574,0.061574,0.00741134,0,0x8896a6b94ef51db4,13952c6282aa94dc2fbd981b67d0dcb1ab06e93a
2023-11-27 20:28:12,8,91,4,2912,0,0,0,0,0,0,0,0,2,273,0.16166019439697266,0.07310628890991211,0.080059,0.012796163558959961,0.060202836990356445,0.0001049041748046875,OPTIMAL,2,2,1454,2154,0,4308,9194,5770,4308,455,0.080059,0.080059,0.0101394,0.035446,0x331c026912db0bfe,5e0fd701983a11aa8e9874d8231fe18f08b1cdfb
2023-11-28 09:07:58,8,21,4,672,0,0,0,0,0,0,0,0,1,63,0.052618980407714844,0.018001079559326172,0.028017,0.00310516357421875,0.014817953109741211,7.605552673339844e-05,OPTIMAL,0,0,330,474,0,948,1914,1278,948,0,0.028017,0.028017,0.0014247,0.000154894,0x8e01410a51e3980,fbab193980bcaf45729f9240dd201a832f72dc07
2023-11-28 09:08:03,8,21,4,672,0,0,0,0,0,0,0,0,1,63,0.05889582633972168,0.03605771064758301,0.022012,0.008674860000610352,0.02730703353881836,7.390975952148438e-05,OPTIMAL,0,0,330,474,6,1339,2213,1749,949,109,0.022012,0.022012,0.00137581,0.000154894,0x53fd775cf32598,fbab193980bcaf45729f9240dd201a832f72dc07
2023-11-28 09:08:54,8,21,4,672,0,0,0,0,0,0,0,0,2,63,0.058886051177978516,0.035370826721191406,0.022697000000000002,0.007915973663330078,0.027315855026245117,0.00013899803161621094,OPTIMAL,2,2,334,474,0,948,1914,1290,948,90,0.022697,0.022697,0.00110154,0.000155146,0xd93c78cad5aa582e,fbab193980bcaf45729f9240dd201a832f72dc07
2023-11-28 09:09:11,8,28,4,896,0,0,0,0,0,0,0,0,2,84,0.044703006744384766,0.022866010665893555,0.021109000000000003,0.0035011768341064453,0.01927495002746582,8.916854858398438e-05,OPTIMAL,2,2,446,642,6,1821,3015,2367,1285,150,0.021109,0.021109,0.00240142,0.00235578,0xfe945fdbcecbb860,fbab193980bcaf45729f9240dd201a832f72dc07
2023-11-28 09:10:14,8,21,4,672,0,0,0,0,0,0,0,0,2,63,0.043404579162597656,0.025627851486206055,0.017082,0.00449371337890625,0.02103114128112793,0.00010228157043457031,OPTIMAL,2,2,334,474,0,948,1914,1290,948,15,0.017082,0.017082,0.00107886,0.000155146,0xd93c78cad5aa582e,fbab193980bcaf45729f9240dd201a832f72dc07
2023-11-28 09:11:32,8,21,4,672,0,0,0,0,0,0,0,0,2,63,0.03231692314147949,0.016538143157958984,0.015186000000000002,0.0026712417602539062,0.01378774642944336,7.82012939453125e-05,OPTIMAL,2,2,334,474,0,948,1914,1290,948,35,0.015186,0.015186,0.00144889,0.000155146,0xd93c78cad5aa582e,fbab193980bcaf45729f9240dd201a832f72dc07
2023-11-28 09:13:41,8,21,4,672,0,0,0,0,0,0,0,0,2,63,0.04521012306213379,0.0265653133392334,0.017941000000000002,0.0051000118255615234,0.021357059478759766,0.0001049041748046875,OPTIMAL,2,2,334,474,0,948,1914,1290,948,90,0.017941,0.017941,0.00166275,0.00307985,0x6cc67073f41b83ea,fbab193980bcaf45729f9240dd201a832f72dc07
2023-11-28 09:15:04,8,21,4,672,0,0,0,0,0,0,0,0,2,63,0.03445100784301758,0.017464160919189453,0.016197,0.002882719039916992,0.014469146728515625,0.00011110305786132812,OPTIMAL,2,2,334,474,0,948,1914,1290,948,90,0.016197,0.016197,0.00138626,0.00221458,0xd4c14ca6729361aa,fbab193980bcaf45729f9240dd201a832f72dc07
2023-11-28 09:15:09,8,21,4,672,0,0,0,0,0,0,0,0,2,63,0.04671192169189453,0.027144193649291992,0.018816000000000003,0.005254030227661133,0.021783828735351562,0.00010514259338378906,OPTIMAL,2,2,334,474,0,948,1914,1290,948,90,0.018816,0.018816,0.00109642,0.000155146,0xd93c78cad5aa582e,fbab193980bcaf45729f9240dd201a832f72dc07
2023-11-28 09:15:17,8,21,4,672,0,0,0,0,0,0,0,0,2,63,0.03301882743835449,0.016896724700927734,0.015529000000000001,0.002731800079345703,0.014083147048950195,8.0108642578125e-05,OPTIMAL,2,2,334,474,0,948,1914,1290,948,90,0.015529,0.015529,0.00174818,0.00307985,0x6cc67073f41b83ea,fbab193980bcaf45729f9240dd201a832f72dc07
2023-11-28 09:15:22,8,21,4,672,0,0,0,0,0,0,0,0,2,63,0.03404521942138672,0.017008066177368164,0.016354,0.0027539730072021484,0.01417398452758789,7.915496826171875e-05,OPTIMAL,2,2,334,474,0,948,1914,1291,948,107,0.016354,0.016354,0.0013953,0.00234202,0xd4c14ca6729361aa,fbab193980bcaf45729f9240dd201a832f72dc07
2023-11-28 09:17:28,8,21,4,672,0,0,0,0,0,0,0,0,2,63,0.038758277893066406,0.021706104278564453,0.016423,0.003954172134399414,0.017663002014160156,8.7738037109375e-05,OPTIMAL,2,2,334,474,0,948,1914,1291,948,107,0.016423,0.016423,0.0013953,0.00221458,0xd4c14ca6729361aa,fbab193980bcaf45729f9240dd201a832f72dc07
2023-11-28 09:20:13,8,21,4,672,0,0,0,0,0,0,0,0,2,63,0.03261995315551758,0.016621112823486328,0.015368000000000001,0.002524137496948242,0.014011859893798828,8.416175842285156e-05,OPTIMAL,2,2,334,474,0,948,1914,1290,948,90,0.015368,0.015368,0.00107886,0.000155146,0xd93c78cad5aa582e,fbab193980bcaf45729f9240dd201a832f72dc07
2023-11-28 09:23:34,8,21,4,672,0,0,0,0,0,0,0,0,2,63,0.04482698440551758,0.02626800537109375,0.017894,0.005352020263671875,0.020814895629882812,9.989738464355469e-05,OPTIMAL,2,2,334,474,0,948,1914,1290,948,90,0.017894,0.017894,0.00182252,0.00529441,0xd4c14ca6729361aa,fbab193980bcaf45729f9240dd201a832f72dc07
2023-11-28 09:23:47,8,21,4,672,0,0,0,0,0,0,0,0,2,63,0.03685498237609863,0.019191980361938477,0.017065,0.003376007080078125,0.015729904174804688,8.606910705566406e-05,OPTIMAL,2,2,334,474,0,948,1914,1290,948,90,0.017065,0.017065,0.00150207,0.00307985,0x6cc67073f41b83ea,fbab193980bcaf45729f9240dd201a832f72dc07
2023-11-28 09:23:49,8,21,4,672,0,0,0,0,0,0,0,0,2,63,0.03496694564819336,0.018810033798217773,0.015513,0.0032711029052734375,0.015460729598999023,7.724761962890625e-05,OPTIMAL,2,2,334,474,0,948,1914,1290,948,102,0.015513,0.015513,0.00138862,0.00221458,0xd4c14ca6729361aa,fbab193980bcaf45729f9240dd201a832f72dc07
2023-11-28 09:26:02,8,21,4,672,0,0,0,0,0,0,0,0,2,63,0.03344273567199707,0.016925811767578125,0.015864,0.0027511119842529297,0.014090776443481445,8.225440979003906e-05,OPTIMAL,2,2,334,474,0,948,1914,1290,948,90,0.015864,0.015864,0.00107886,0.000155146,0xd93c78cad5aa582e,fbab193980bcaf45729f9240dd201a832f72dc07
2023-11-28 09:27:00,8,25,4,800,0,0,0,0,0,0,0,0,2,75,0.04140520095825195,0.020598888397216797,0.020062,0.003365039825439453,0.017149925231933594,8.177757263183594e-05,OPTIMAL,2,2,398,570,0,1140,2330,1547,1140,131,0.020062,0.020062,0.0017744,0.00332625,0xe9a18cfe605443a5,fbab193980bcaf45729f9240dd201a832f72dc07
2023-11-28 09:27:15,8,21,4,672,0,0,0,0,0,0,0,0,2,63,0.03731703758239746,0.019909143447875977,0.016775,0.0033159255981445312,0.016508102416992188,8.392333984375e-05,OPTIMAL,2,2,334,474,0,948,1914,1289,948,0,0.016775,0.016775,0.00139931,0.000155146,0xd4c14ca6729361aa,fbab193980bcaf45729f9240dd201a832f72dc07
2023-11-28 09:58:33,8,21,4,672,0,0,0,0,0,0,0,0,2,63,0.04007387161254883,0.02152395248413086,0.015893,0.006683826446533203,0.014735221862792969,0.00010180473327636719,OPTIMAL,2,2,334,474,0,948,1914,1290,948,101,0.015893,0.015893,0.00138736,0,0xd4c14ca6729361aa,3a031a72d637eaf2bb4cfb821dad4ae4915ee70c
2023-11-28 17:18:52,8,21,4,672,0,0,0,0,0,0,0,0,2,63,0.05641984939575195,0.023161888122558594,0.026737,0.004397869110107422,0.018650054931640625,0.00011181831359863281,OPTIMAL,2,2,334,474,0,948,1914,1289,948,0,0.026737,0.026738,0.00144889,0.000155146,0xd93c78cad5aa582e,f87ff2b86b25c27e9a84cbe68890553fdac6d9df
2023-11-28 17:18:56,8,21,4,672,0,0,0,0,0,0,0,0,2,63,0.0341341495513916,0.017534971237182617,0.015854,0.002841949462890625,0.014606714248657227,8.296966552734375e-05,OPTIMAL,2,2,334,474,0,948,1914,1290,948,90,0.015854,0.015854,0.00107886,0.000155146,0xd93c78cad5aa582e,f87ff2b86b25c27e9a84cbe68890553fdac6d9df
2023-11-28 17:19:53,8,21,4,672,0,0,0,0,0,0,0,0,2,63,0.042318105697631836,0.02441692352294922,0.017027,0.004156827926635742,0.020154237747192383,0.00010395050048828125,OPTIMAL,2,2,334,474,0,948,1914,1290,948,90,0.017027,0.017027,0.00137686,0.00221458,0xd4c14ca6729361aa,f87ff2b86b25c27e9a84cbe68890553fdac6d9df
2023-11-28 17:19:56,8,21,4,672,0,0,0,0,0,0,0,0,2,63,0.03573012351989746,0.01821112632751465,0.016749,0.003030061721801758,0.015098094940185547,8.106231689453125e-05,OPTIMAL,2,2,334,474,0,948,1914,1290,948,90,0.016749,0.01675,0.00137686,0.00221458,0xd4c14ca6729361aa,f87ff2b86b25c27e9a84cbe68890553fdac6d9df
2023-11-28 17:20:04,8,21,4,672,0,0,0,0,0,0,0,0,2,63,0.033334970474243164,0.016872882843017578,0.015823,0.0026869773864746094,0.014106035232543945,7.987022399902344e-05,OPTIMAL,2,2,334,474,0,948,1914,1290,948,90,0.015823,0.015823,0.00182252,0.00529441,0xd4c14ca6729361aa,f87ff2b86b25c27e9a84cbe68890553fdac6d9df
2023-11-28 17:40:21,8,7,4,224,0,0,0,0,0,0,0,0,0,21,0.01719379425048828,0.007044076919555664,0.007507000000000001,0.0011448860168457031,0.00586700439453125,3.218650817871094e-05,OPTIMAL,0,0,107,138,0,276,458,382,276,20,0.007507,0.007507,0.000468416,0,0xcd7d8b05a7f544a4,d416e811c8c14e3034627c2bff2108072300d6b5
2023-11-28 17:43:03,8,7,4,224,0,0,0,0,0,0,0,0,0,21,0.018342256546020508,0.007731914520263672,0.007811,0.001837015151977539,0.005861759185791016,3.0994415283203125e-05,OPTIMAL,0,0,107,138,0,276,458,382,276,24,0.007811,0.007811,0.000476162,0,0xcd7d8b05a7f544a4,d416e811c8c14e3034627c2bff2108072300d6b5
2023-11-28 17:45:06,8,7,4,224,0,0,0,0,0,0,0,0,0,21,0.015130043029785156,0.006318092346191406,0.007289,0.0014750957489013672,0.0048139095306396484,2.7894973754882812e-05,OPTIMAL,0,0,107,138,0,276,458,383,276,24,0.007289,0.007289,0.000476162,0,0xcd7d8b05a7f544a4,d416e811c8c14e3034627c2bff2108072300d6b5
2023-11-28 17:45:54,8,7,4,224,0,0,0,0,0,0,0,0,0,21,0.027343034744262695,0.013108968734741211,0.010983000000000001,0.0033469200134277344,0.00971078872680664,5.030632019042969e-05,OPTIMAL,0,0,107,138,0,276,458,382,276,24,0.010983,0.010983,0.000475709,0,0x654849108f6e4b48,d416e811c8c14e3034627c2bff2108072300d6b5
2023-11-28 17:57:42,8,7,4,224,0,0,0,0,0,0,0,0,0,21,0.015295982360839844,0.006290912628173828,0.007252000000000001,0.0014231204986572266,0.0048389434814453125,2.8848648071289062e-05,OPTIMAL,0,0,107,138,9,406,597,542,277,24,0.007252,0.007252,0.000364454,0,0xffd715586757cf5f,d416e811c8c14e3034627c2bff2108072300d6b5
2023-11-28 18:06:40,8,28,4,896,0,0,0,0,0,0,0,0,2,84,0.06485986709594727,0.040312767028808594,0.023512,0.0089569091796875,0.031236886978149414,0.00011801719665527344,OPTIMAL,2,2,446,642,0,1284,2642,1739,1284,149,0.023512,0.023512,0.00213625,0.00487489,0x83430f5c060d05b2,d416e811c8c14e3034627c2bff2108072300d6b5
2023-11-28 18:07:32,8,32,4,1024,0,0,0,0,0,0,0,0,2,96,0.04889798164367676,0.026575088500976562,0.021484,0.004060029983520508,0.022427797317504883,8.606910705566406e-05,OPTIMAL,2,2,510,738,0,1476,3058,1993,1476,0,0.021484,0.021484,0.00182842,0.000241807,0xd8ee6c447b885a82,d416e811c8c14e3034627c2bff2108072300d6b5
2023-11-28 18:09:43,8,32,4,1024,0,0,0,0,0,0,0,0,2,96,0.08256983757019043,0.06016683578491211,0.021512,0.008853912353515625,0.05112171173095703,0.0001888275146484375,OPTIMAL,2,2,510,738,0,1476,3058,1993,1476,5,0.021512,0.021512,0.00224885,0.000241807,0xd8ee6c447b885a82,d416e811c8c14e3034627c2bff2108072300d6b5
2023-11-28 18:12:19,8,28,4,896,0,0,0,0,0,0,0,0,2,84,0.047167062759399414,0.02271103858947754,0.02365,0.003484964370727539,0.019145965576171875,8.0108642578125e-05,OPTIMAL,2,2,446,642,10,1871,3076,2424,1285,156,0.02365,0.02365,0.00291784,0.00498224,0xa41fdbab5cecc897,d416e811c8c14e3034627c2bff2108072300d6b5
2023-11-28 18:12:32,8,7,4,224,0,0,0,0,0,0,0,0,0,21,0.012939929962158203,0.0053501129150390625,0.007169,0.0008261203765869141,0.004506826400756836,1.621246337890625e-05,OPTIMAL,0,0,107,138,0,276,458,383,276,24,0.007169,0.007169,0.000475839,0,0xcd7d8b05a7f544a4,d416e811c8c14e3034627c2bff2108072300d6b5
2023-11-29 08:27:49,8,21,4,672,0,0,0,0,0,0,0,0,2,63,0.07376289367675781,0.03449606895446777,0.0316,0.0076143741607666016,0.026735782623291016,0.00014519691467285156,OPTIMAL,2,2,334,474,0,948,1914,1289,948,0,0.0316,0.0316,0.00144889,0.000155146,0xd93c78cad5aa582e,147fba64b383e4f3d3cd6910f7eb0c0ed3b9eba1
2023-11-29 12:50:16,8,21,4,672,0,0,0,0,0,0,0,0,2,63,0.036376953125,0.01705789566040039,0.017382,0.0026569366455078125,0.014301061630249023,9.989738464355469e-05,OPTIMAL,2,2,334,474,0,948,1914,1290,948,90,0.017382,0.017382,0.00144889,0.000155102,0xd93c78cad5aa582e,147fba64b383e4f3d3cd6910f7eb0c0ed3b9eba1
2023-11-29 12:51:02,8,21,4,672,0,0,0,0,0,0,0,0,2,63,0.03478813171386719,0.017482995986938477,0.015611000000000002,0.0026967525482177734,0.014685392379760742,9.965896606445312e-05,OPTIMAL,2,2,334,474,0,948,1914,1289,948,0,0.015611,0.015611,0.00110852,0.000155146,0xd93c78cad5aa582e,147fba64b383e4f3d3cd6910f7eb0c0ed3b9eba1
2023-11-29 12:52:22,8,21,4,672,0,0,0,0,0,0,0,0,2,63,0.03630423545837402,0.01846027374267578,0.015964000000000002,0.0032758712768554688,0.015085220336914062,9.799003601074219e-05,OPTIMAL,2,2,334,474,0,948,1914,1290,948,90,0.015964,0.015964,0.00139512,0.00221394,0xd4c14ca6729361aa,147fba64b383e4f3d3cd6910f7eb0c0ed3b9eba1
2023-11-29 16:17:49,8,1,4,32,0,0,0,0,0,0,0,0,0,3,0.005440950393676758,0.0011038780212402344,0.0027240000000000003,0.00020194053649902344,0.0008740425109863281,2.7894973754882812e-05,OPTIMAL,0,0,15,14,2,37,33,58,29,0,0.002724,0.002724,2.416e-05,0,0xc72474f324705931,147fba64b383e4f3d3cd6910f7eb0c0ed3b9eba1
2023-11-29 16:18:32,8,30,4,960,0,0,0,0,0,0,0,0,0,90,0.05149698257446289,0.0288698673248291,0.021807,0.005446910858154297,0.023397207260131836,2.288818359375e-05,OPTIMAL,0,0,475,690,0,1380,2850,1854,1380,162,0.021807,0.021807,0.00224402,0,0x2dfea2fe1232c962,147fba64b383e4f3d3cd6910f7eb0c0ed3b9eba1
2023-11-29 18:29:28,8,31,4,992,0,0,0,0,0,0,0,0,0,93,0.05276608467102051,0.02765679359436035,0.021750000000000002,0.005066871643066406,0.022561073303222656,2.7894973754882812e-05,OPTIMAL,0,0,491,714,0,1428,2954,1918,1428,157,0.02175,0.02175,0.00222479,0,0x77bad225edac5389,24a2374c8b4fc9493be27466ba12ff0ec20e5ed1
2023-12-01 12:43:47,8,31,4,992,0,0,0,0,0,0,0,0,0,93,0.06221508979797363,0.02735161781311035,0.026514000000000003,0.005594730377197266,0.02172398567199707,3.1948089599609375e-05,OPTIMAL,0,0,491,714,3,1798,3032,2214,1428,168,0.026514,0.026515,0.00224225,0,0x313a6557f8d1273e,6ccd8fea96906165e47a8a1bd94f6605aecfb558
2023-12-04 09:43:14,8,31,4,992,0,0,0,0,0,0,0,0,0,93,0.06472516059875488,0.02375173568725586,0.034761,0.004166126251220703,0.01955890655517578,2.574920654296875e-05,OPTIMAL,0,0,491,714,0,1428,2954,1918,1428,0,0.034761,0.034761,0.00170293,0,0x313a6557f8d1273e,6ccd8fea96906165e47a8a1bd94f6605aecfb558
2023-12-04 09:44:40,8,31,4,992,0,0,0,0,0,0,0,0,0,93,0.05006289482116699,0.02498006820678711,0.023132,0.0038967132568359375,0.021007061004638672,7.390975952148438e-05,OPTIMAL,0,0,491,714,0,1428,2954,1918,1428,160,0.023132,0.023132,0.0021665,0,0x313a6557f8d1273e,6ccd8fea96906165e47a8a1bd94f6605aecfb558
2023-12-04 15:36:07,8,113,4,3616,0,0,0,0,0,0,0,0,0,93,0.11718916893005371,0.11005640029907227,0.002101,0.07597517967224121,0.03404402732849121,3.0994415283203125e-05,INFEASIBLE,NA,NA,0,0,0,0,0,0,0,0,0.002101,0.002101,0,0,,c49c18f8dd8c758f927b25c3099dc6284e4e3e42
2023-12-04 15:36:41,8,113,4,3616,0,0,0,0,0,0,0,0,0,93,0.11693596839904785,0.11174774169921875,0.002193,0.07666277885437012,0.03506302833557129,2.09808349609375e-05,INFEASIBLE,NA,NA,0,0,0,0,0,0,0,0,0.002193,0.002193,0,0,,c49c18f8dd8c758f927b25c3099dc6284e4e3e42
2023-12-04 15:37:29,8,113,4,3616,0,0,0,0,0,0,0,0,0,93,0.08194184303283691,0.0487978458404541,0.029995,0.014197826385498047,0.034568071365356445,3.0994415283203125e-05,OPTIMAL,0,0,491,714,0,1428,2954,1919,1428,168,0.029995,0.029995,0.00302088,0,0x9ccee19153265f8d,c49c18f8dd8c758f927b25c3099dc6284e4e3e42
2023-12-04 15:38:58,8,113,4,3616,0,0,0,0,0,0,0,0,0,93,60.764137983322144,60.757835149765015,0.0021520000000000003,60.724066972732544,0.03373527526855469,3.0040740966796875e-05,INFEASIBLE,NA,NA,0,0,0,0,0,0,0,0,0.002152,0.002152,0,0,,c49c18f8dd8c758f927b25c3099dc6284e4e3e42
2023-12-04 15:42:16,8,113,4,3616,0,0,0,0,0,0,0,0,0,93,49.96115589141846,49.956132888793945,0.001991,49.922168016433716,0.033943891525268555,1.9073486328125e-05,INFEASIBLE,NA,NA,0,0,0,0,0,0,0,0,0.001991,0.001991,0,0,,c49c18f8dd8c758f927b25c3099dc6284e4e3e42
2023-12-04 15:43:54,8,113,4,3616,0,0,0,0,0,0,0,0,0,93,0.23750615119934082,0.2213611602783203,0.002254,0.16155529022216797,0.05976986885070801,3.504753112792969e-05,INFEASIBLE,NA,NA,0,0,0,0,0,0,0,0,0.002254,0.002254,0,0,,c49c18f8dd8c758f927b25c3099dc6284e4e3e42
2023-12-04 15:43:54,8,113,4,3616,0,0,0,0,0,0,0,0,0,93,0.13598322868347168,0.12838411331176758,0.0023510000000000002,0.08716011047363281,0.041198015213012695,2.2172927856445312e-05,INFEASIBLE,NA,NA,0,0,0,0,0,0,0,0,0.002351,0.002351,0,0,,c49c18f8dd8c758f927b25c3099dc6284e4e3e42
2023-12-04 15:45:35,8,113,4,3616,0,0,0,0,0,0,0,0,0,93,0.2007129192352295,0.13435983657836914,0.059901,0.09816718101501465,0.03615927696228027,3.170967102050781e-05,OPTIMAL,0,0,491,714,0,1428,2954,1918,1428,168,0.059901,0.059901,0.00285662,0,0xf32c103c37679228,c49c18f8dd8c758f927b25c3099dc6284e4e3e42
2023-12-04 15:45:36,8,113,4,3616,0,0,0,0,0,0,0,0,0,93,0.32755398750305176,0.2591838836669922,0.056307,0.17758488655090332,0.08147597312927246,4.887580871582031e-05,OPTIMAL,0,0,491,714,0,1428,2954,1918,1428,140,0.056307,0.056307,0.00233269,0,0x4a49309a4fb31364,c49c18f8dd8c758f927b25c3099dc6284e4e3e42
2023-12-04 15:45:37,8,113,4,3616,0,0,0,0,0,0,0,0,0,93,0.19441795349121094,0.1512749195098877,0.03479,0.10844302177429199,0.04280900955200195,2.002716064453125e-05,OPTIMAL,0,0,491,714,10,2089,3403,2654,1429,168,0.03479,0.03479,0.00266688,0,0x1c28dcac37254109,c49c18f8dd8c758f927b25c3099dc6284e4e3e42
2023-12-04 15:46:36,8,113,4,3616,0,0,0,0,0,0,0,0,0,93,20.817566871643066,20.784311056137085,0.028794,20.748225927352905,0.03603816032409668,4.00543212890625e-05,OPTIMAL,0,0,491,714,0,1428,2954,1918,1428,168,0.028794,0.028794,0.00292661,0,0xf32c103c37679228,c49c18f8dd8c758f927b25c3099dc6284e4e3e42
2023-12-04 15:47:05,8,113,4,3616,0,0,0,0,0,0,0,0,0,93,2.413347005844116,2.384922981262207,0.024011,2.3400027751922607,0.04486703872680664,4.38690185546875e-05,OPTIMAL,0,0,0,0,0,0,0,0,0,0,0.024011,0.024011,0.00222011,0,0xf32c103c37679228,c49c18f8dd8c758f927b25c3099dc6284e4e3e42
2023-12-04 15:47:26,8,113,4,3616,0,0,0,0,0,0,0,0,0,93,0.14020824432373047,0.11317706108093262,0.024300000000000002,0.07804632186889648,0.035112857818603516,1.5735626220703125e-05,OPTIMAL,0,0,0,0,0,0,0,0,0,0,0.0243,0.0243,0.00222011,0,0xf32c103c37679228,c49c18f8dd8c758f927b25c3099dc6284e4e3e42
2023-12-06 13:57:06,8,113,4,3616,0,0,0,0,0,0,0,0,0,93,226.11526608467102,226.07961106300354,0.022638000000000002,226.0632791519165,0.016292095184326172,3.814697265625e-05,OPTIMAL,0,0,1,0,0,0,0,0,0,0,0.022638,0.022638,0.00070272,0,0x74e7e39cafeb533e,0098335473177d36b2f55a4ccc2bb6b30b8378ee
2023-12-06 14:11:45,8,113,4,3616,0,0,0,0,0,0,0,0,0,93,235.43514108657837,235.3979880809784,0.022748,0.2003650665283203,235.19759011268616,3.1948089599609375e-05,OPTIMAL,0,0,1,0,0,0,0,0,0,0,0.022748,0.022748,0.00070272,0,0x74e7e39cafeb533e,395cd5026bf5908027730502f9b7c78b7d62861d
2023-12-06 17:47:52,8,113,4,3616,0,0,0,0,0,0,0,0,0,93,8.175073146820068,8.139528036117554,0.024077,0.1997239589691162,7.9397618770599365,3.814697265625e-05,OPTIMAL,0,0,1,0,0,0,0,0,0,0,0.024077,0.024077,0.0007424,0,0xc4a24493d2e10dbd,395cd5026bf5908027730502f9b7c78b7d62861d
2023-12-06 17:50:01,8,113,5,4520,0,0,0,0,0,0,0,0,0,98,0.3708469867706299,0.32978272438049316,0.033195,0.2354569435119629,0.09430408477783203,2.09808349609375e-05,OPTIMAL,0,0,17,32,0,64,144,48,64,0,0.033195,0.033195,0.00143765,0,0x9fb8569818939418,395cd5026bf5908027730502f9b7c78b7d62861d
2023-12-06 17:54:22,8,113,5,4520,0,0,0,0,0,0,0,0,0,98,178.2194619178772,178.18369913101196,0.027241,0.254925012588501,177.92874693870544,2.4080276489257812e-05,OPTIMAL,0,0,0,0,0,0,0,0,0,0,0.027241,0.027241,0.00143765,0,0x9fb8569818939418,395cd5026bf5908027730502f9b7c78b7d62861d
2023-12-06 19:04:54,8,113,5,4520,0,0,0,0,0,0,0,0,0,98,0.35138797760009766,0.3144340515136719,0.026942,0.22293615341186523,0.09146690368652344,3.0040740966796875e-05,OPTIMAL,0,0,0,0,0,0,0,0,0,0,0.026942,0.026942,0.00143765,0,0x9fb8569818939418,19fa6d9e0e76af7b40197e0ffb12854c96c9bc3c
2023-12-07 08:42:10,8,142,4,4544,0,0,0,0,0,0,0,0,0,87,0.41266417503356934,0.3816871643066406,0.013732000000000001,0.277205228805542,0.1044464111328125,3.3855438232421875e-05,INFEASIBLE,NA,NA,0,0,0,0,0,0,0,0,0.013732,0.013732,0,0,,19fa6d9e0e76af7b40197e0ffb12854c96c9bc3c
2023-12-07 08:43:22,8,140,4,4480,0,0,0,0,0,0,0,0,0,81,0.3687880039215088,0.35430192947387695,0.005792,0.25873684883117676,0.09554409980773926,1.9073486328125e-05,INFEASIBLE,NA,NA,0,0,0,0,0,0,0,0,0.005792,0.005792,0,0,,19fa6d9e0e76af7b40197e0ffb12854c96c9bc3c
2023-12-07 11:09:31,8,140,4,4480,0,0,0,0,0,0,0,0,0,81,0.45035219192504883,0.43438100814819336,0.0060810000000000005,0.30734801292419434,0.12700700759887695,2.3126602172851562e-05,INFEASIBLE,NA,NA,0,0,0,0,0,0,0,0,0.006081,0.006081,0,0,,19fa6d9e0e76af7b40197e0ffb12854c96c9bc3c
2023-12-07 11:12:13,8,63,4,2016,0,0,0,0,0,0,0,0,0,93,0.16052818298339844,0.14229202270507812,0.014752000000000001,0.09269189834594727,0.04958510398864746,1.5020370483398438e-05,OPTIMAL,0,0,1,0,0,0,0,1,0,0,0.014752,0.014752,0.0004864,0,0x89940eb34f6bddbf,19fa6d9e0e76af7b40197e0ffb12854c96c9bc3c
2023-12-07 11:28:25,8,112,4,3584,0,0,0,0,0,0,0,0,0,90,0.2882721424102783,0.268172025680542,0.011642000000000001,0.1863391399383545,0.08180403709411621,2.8848648071289062e-05,OPTIMAL,0,0,1,0,0,0,0,0,0,0,0.011642,0.011643,0.000732,0,0x59d2743a326cfe31,c7e8d48f4b08874c271004cae8c89a1e00c634ca
2023-12-07 11:29:12,8,141,4,4512,0,0,0,0,0,0,0,0,0,87,0.36017680168151855,0.3379020690917969,0.013918000000000002,0.24106907844543457,0.09681105613708496,2.002716064453125e-05,OPTIMAL,0,0,1,0,0,0,0,1,0,0,0.013918,0.013918,0.0008752,0,0x5bfa65050e4e80f0,c7e8d48f4b08874c271004cae8c89a1e00c634ca
2023-12-07 13:50:35,8,35,4,1120,0,0,0,0,0,0,0,0,0,105,0.08647823333740234,0.07663702964782715,0.005669,0.04064297676086426,0.03596305847167969,3.0040740966796875e-05,OPTIMAL,0,0,1,0,0,0,0,1,0,0,0.005669,0.005669,0.00036416,0,0x7da68d42aa8ac96a,c7e8d48f4b08874c271004cae8c89a1e00c634ca
2023-12-07 14:23:14,8,35,4,1120,0,0,0,0,0,0,0,0,0,93,0.08599495887756348,0.07663607597351074,0.005475000000000001,0.04320216178894043,0.03340578079223633,2.7179718017578125e-05,OPTIMAL,0,0,1,0,0,0,0,1,0,0,0.005475,0.005475,0.00034304,0,0xda165fa418d69d96,c7e8d48f4b08874c271004cae8c89a1e00c634ca
2023-12-07 14:27:49,8,66,4,2112,0,0,0,0,0,0,0,0,0,93,0.16086387634277344,0.14935016632080078,0.007768000000000001,0.09815692901611328,0.05117392539978027,1.621246337890625e-05,OPTIMAL,0,0,1,0,0,0,0,0,0,0,0.007768,0.007768,0.00050176,0,0x1d5ea215a5b81605,c7e8d48f4b08874c271004cae8c89a1e00c634ca
2023-12-07 14:35:59,8,66,4,2112,0,0,0,0,0,0,0,0,0,93,0.1630692481994629,0.15119504928588867,0.008058000000000001,0.09876298904418945,0.05241107940673828,2.002716064453125e-05,OPTIMAL,0,0,1,0,0,0,0,1,0,0,0.008058,0.008058,0.00050176,0,0x1d5ea215a5b81605,c7e8d48f4b08874c271004cae8c89a1e00c634ca
2023-12-07 14:47:36,8,35,4,1120,0,0,0,0,0,0,0,0,0,105,0.09351682662963867,0.08465886116027832,0.00579,0.049858808517456055,0.03477025032043457,2.8848648071289062e-05,OPTIMAL,0,0,1,0,0,0,0,1,0,0,0.00579,0.00579,0.00036416,0,0x7da68d42aa8ac96a,9a7b24aec62b2f939aceb6a95fce9533e71af595
2023-12-07 14:48:04,8,66,4,2112,0,0,0,0,0,0,0,0,0,93,0.16121220588684082,0.14949607849121094,0.007845000000000001,0.09756994247436523,0.051905155181884766,1.7881393432617188e-05,OPTIMAL,0,0,1,0,0,0,0,1,0,0,0.007845,0.007845,0.00050176,0,0x1d5ea215a5b81605,9a7b24aec62b2f939aceb6a95fce9533e71af595
2023-12-14 16:16:55,8,66,4,2112,0,0,0,0,0,0,0,0,0,93,0.1952650547027588,0.17986011505126953,0.008031,0.1257610321044922,0.05405783653259277,3.7670135498046875e-05,OPTIMAL,0,0,1,0,0,0,0,1,0,0,0.008031,0.008031,0.00050176,0,0x1d5ea215a5b81605,7a40b83cf295a38604e34eb286f2ffe7c243b769
2023-12-14 16:18:12,8,66,4,2112,0,0,0,0,0,0,0,0,2,93,0.16619515419006348,0.15458106994628906,0.007746,0.1019289493560791,0.05255699157714844,9.393692016601562e-05,OPTIMAL,0,0,1,0,0,0,0,1,0,0,0.007746,0.007746,0.00050176,0,0x354dcdee13bcaab7,7a40b83cf295a38604e34eb286f2ffe7c243b769
2023-12-14 16:19:52,8,66,5,2640,0,0,0,0,0,0,0,0,2,93,0.2102041244506836,0.19187116622924805,0.013681,0.12978792190551758,0.06199908256530762,8.177757263183594e-05,OPTIMAL,2,2,5,2,0,4,2,6,4,0,0.013681,0.013681,0.00060166,0,0x82722187806b1d9c,7a40b83cf295a38604e34eb286f2ffe7c243b769
2024-02-15 08:57:33,9,66,5,2970,2,1,1,0,0,0,0,0,2,93,0.24202275276184082,0.2179100513458252,0.011558,0.13835597038269043,0.07564592361450195,0.003907203674316406,INFEASIBLE,NA,NA,0,0,0,0,0,0,0,0,0.011558,0.011558,0,0,,7a1761f8fe9f9d615ee9122909ae9781b8ae6290
2024-02-15 08:58:25,9,66,5,2970,2,1,1,0,0,0,0,0,1,93,0.22603201866149902,0.21658802032470703,0.00366,0.13745999336242676,0.07523798942565918,0.0038890838623046875,INFEASIBLE,NA,NA,0,0,0,0,0,0,0,0,0.00366,0.003661,0,0,,7a1761f8fe9f9d615ee9122909ae9781b8ae6290
2024-02-15 10:07:14,9,66,5,2970,1,1,0,0,0,0,0,0,1,93,0.21274375915527344,0.20178508758544922,0.004008,0.13444805145263672,0.0669410228729248,0.000392913818359375,INFEASIBLE,NA,NA,0,0,0,0,0,0,0,0,0.004008,0.004008,0,0,,814f87f988d6f514d7ae7e73c90478d042629e21
2024-02-15 10:14:24,9,66,5,2970,0,0,0,0,0,0,0,0,0,93,0.2359790802001953,0.22586798667907715,0.0036880000000000003,0.15970683097839355,0.06613016128540039,2.9325485229492188e-05,INFEASIBLE,NA,NA,0,0,0,0,0,0,0,0,0.003688,0.003688,0,0,,5a8895c0e67c633f22b0cbc2d5f89485924c2ef7
2024-02-15 10:44:28,9,66,5,2970,0,0,0,0,0,0,0,0,0,93,0.24347805976867676,0.23053503036499023,0.003785,0.15854716300964355,0.07195186614990234,3.409385681152344e-05,INFEASIBLE,NA,NA,0,0,0,0,0,0,0,0,0.003785,0.003785,0,0,,5a8895c0e67c633f22b0cbc2d5f89485924c2ef7
2024-02-15 11:40:31,9,66,5,2970,0,0,0,0,0,0,0,0,0,93,0.21204304695129395,0.20288705825805664,0.0036820000000000004,0.13698697090148926,0.0658712387084961,2.6941299438476562e-05,INFEASIBLE,NA,NA,0,0,0,0,0,0,0,0,0.003682,0.003682,0,0,,5a8895c0e67c633f22b0cbc2d5f89485924c2ef7
2024-02-15 11:41:01,9,66,5,2970,0,0,0,0,0,0,0,0,0,93,0.21238303184509277,0.20358705520629883,0.0033000000000000004,0.13871002197265625,0.06485509872436523,2.09808349609375e-05,INFEASIBLE,NA,NA,0,0,0,0,0,0,0,0,0.0033,0.0033,0,0,,5a8895c0e67c633f22b0cbc2d5f89485924c2ef7
2024-02-15 11:46:14,9,66,5,2970,0,0,0,0,0,0,0,0,0,93,0.21401596069335938,0.2048180103302002,0.0036660000000000004,0.13829994201660156,0.06649398803710938,2.3126602172851562e-05,INFEASIBLE,NA,NA,0,0,0,0,0,0,0,0,0.003666,0.003666,0,0,,5a8895c0e67c633f22b0cbc2d5f89485924c2ef7
2024-02-15 11:46:37,9,66,5,2970,0,0,0,0,0,0,0,0,0,93,0.21106410026550293,0.20226287841796875,0.0034110000000000004,0.1370389461517334,0.06520414352416992,1.7881393432617188e-05,INFEASIBLE,NA,NA,0,0,0,0,0,0,0,0,0.003411,0.003411,0,0,,5a8895c0e67c633f22b0cbc2d5f89485924c2ef7
2024-02-15 12:05:02,9,66,5,2970,0,0,0,0,0,0,0,0,0,93,83.59611392021179,82.66691398620605,0.0038250000000000003,63.31139302253723,18.096035957336426,4.8160552978515625e-05,INFEASIBLE,NA,NA,0,0,0,0,0,0,0,0,0.003825,0.003825,0,0,,5a8895c0e67c633f22b0cbc2d5f89485924c2ef7
2024-02-15 12:05:27,9,66,4,2376,0,0,0,0,0,0,0,0,0,93,0.17916607856750488,0.17176008224487305,0.002824,0.11283707618713379,0.05890321731567383,1.9788742065429688e-05,INFEASIBLE,NA,NA,0,0,0,0,0,0,0,0,0.002824,0.002824,0,0,,5a8895c0e67c633f22b0cbc2d5f89485924c2ef7
2024-02-15 14:42:02,9,31,4,1116,0,0,0,0,0,0,0,0,0,93,0.12656903266906738,0.11382699012756348,0.005577,0.07813787460327148,0.03565216064453125,3.600120544433594e-05,OPTIMAL,0,0,1,0,0,0,0,1,0,0,0.005577,0.005577,0.00036224,0,0x40190164d2d8d96e,5a8895c0e67c633f22b0cbc2d5f89485924c2ef7
2024-02-15 15:06:00,9,56,4,2016,0,0,0,0,0,0,0,0,0,168,0.17376494407653809,0.14410924911499023,0.019723,0.08080577850341797,0.06327033042907715,3.0279159545898438e-05,OPTIMAL,0,0,1,0,0,0,0,0,0,0,0.019723,0.019723,0.00065424,0,0xbfb929701bf3bc73,90e0f47dd75835f8836a6b2a7f4712abbbd88e22
2024-02-15 17:47:24,9,56,4,2016,4,0,0,0,0,4,0,0,0,168,2.5026497840881348,0.19640183448791504,2.295967,0.07271289825439453,0.12188577651977539,0.0018019676208496094,OPTIMAL,195000,195000,2163,2016,2375,40777,109360,515360,4050,39140,2.29597,2.29597,9.39584,12.1321,0xbb030f81d3a89e93,d2d3ddadb53fd7730753fa10682253553dfd7604
2024-02-15 18:02:09,9,56,4,2016,4,0,0,0,0,4,0,0,0,168,0.5872330665588379,0.2292640209197998,0.351524,0.10134410858154297,0.1261589527130127,0.0017600059509277344,OPTIMAL,195000,195000,2163,2016,18,7398,6859,65796,4034,2973,0.351524,0.351524,0.680063,0.0982635,0xbb030f81d3a89e93,d2d3ddadb53fd7730753fa10682253553dfd7604
2024-02-15 18:02:15,9,56,4,2016,4,0,0,0,0,4,0,0,0,168,0.504892110824585,0.19514989852905273,0.30579100000000004,0.07094383239746094,0.12234210968017578,0.0018618106842041016,OPTIMAL,195000,195000,2163,2016,35,7899,7944,72252,4033,3511,0.305791,0.305791,0.714693,0.0325822,0xbb030f81d3a89e93,d2d3ddadb53fd7730753fa10682253553dfd7604
2024-02-15 18:02:36,9,56,4,2016,4,0,0,0,0,4,0,0,0,168,0.5411419868469238,0.19568705558776855,0.34054300000000004,0.07168912887573242,0.1222069263458252,0.001789093017578125,OPTIMAL,195000,195000,2163,2016,35,7886,7933,72157,4033,3509,0.340543,0.340543,0.759285,0.0982635,0xbb030f81d3a89e93,d2d3ddadb53fd7730753fa10682253553dfd7604
2024-02-15 18:03:21,9,56,4,2016,4,0,0,0,0,4,0,0,0,168,0.5099968910217285,0.1951601505279541,0.30979700000000004,0.07202935218811035,0.12133383750915527,0.0017957687377929688,OPTIMAL,195000,195000,2163,2016,17,7242,6747,64190,4033,2935,0.309797,0.309797,0.761589,0.0982635,0xbb030f81d3a89e93,d2d3ddadb53fd7730753fa10682253553dfd7604
2024-02-15 18:05:10,9,56,4,2016,4,0,0,0,0,4,0,0,0,168,0.5261869430541992,0.19436216354370117,0.32694700000000004,0.07184576988220215,0.12071824073791504,0.0017960071563720703,OPTIMAL,195000,195000,2163,2016,18,7400,6871,65875,4033,2974,0.326947,0.326947,0.693733,0.0982635,0xbb030f81d3a89e93,d2d3ddadb53fd7730753fa10682253553dfd7604
2024-02-15 18:06:32,9,56,4,2016,4,0,0,0,0,4,0,0,0,168,0.5324606895446777,0.1992037296295166,0.328106,0.07357382774353027,0.1237938404083252,0.0018341541290283203,OPTIMAL,195000,195000,2163,2016,18,7397,6857,65775,4034,2973,0.328106,0.328106,0.72435,0.0325822,0xbb030f81d3a89e93,d2d3ddadb53fd7730753fa10682253553dfd7604
2024-02-15 18:18:17,9,56,4,2016,4,0,0,0,0,4,0,0,0,168,0.5271601676940918,0.19592976570129395,0.32521300000000003,0.07381105422973633,0.12032008171081543,0.0017957687377929688,OPTIMAL,195000,195000,2163,2016,19,7486,6978,67188,4034,3022,0.325213,0.325213,0.676761,0.0982635,0xbb030f81d3a89e93,d2d3ddadb53fd7730753fa10682253553dfd7604
2024-02-15 18:18:52,9,56,4,2016,4,0,0,0,0,4,0,0,0,168,0.5407717227935791,0.22089886665344238,0.31603800000000004,0.09487581253051758,0.12421703338623047,0.0018029212951660156,OPTIMAL,195000,195000,2163,2016,18,7358,6817,65292,4033,2965,0.316038,0.316038,0.737291,0.0982635,0xbb030f81d3a89e93,d2d3ddadb53fd7730753fa10682253553dfd7604
2024-02-15 18:31:47,9,28,4,1008,4,0,0,0,0,4,0,0,0,84,0.7900290489196777,0.09986615180969238,0.681033,0.03589916229248047,0.062200069427490234,0.0017669200897216797,OPTIMAL,111000,111000,1148,1008,1110,13914,42923,198430,2029,14132,0.681033,0.681033,2.35263,3.14787,0x54d38ced78d8e43d,fd4c327a58492cfce5c3776b632a2ed9aac86ed6
2024-02-15 19:22:35,9,28,4,1008,4,0,0,0,0,4,0,0,0,84,0.32920098304748535,0.11249303817749023,0.210067,0.04065871238708496,0.06985592842102051,0.001973867416381836,OPTIMAL,111000,111000,1148,1008,165,4463,7210,38750,2020,2340,0.210067,0.210067,0.169726,0.059513,0x54d38ced78d8e43d,7502806f359cea8a1186be0bb37399d25abd3272
2024-02-15 19:22:47,9,28,4,1008,4,0,0,0,0,4,0,0,0,84,0.32732319831848145,0.11263799667358398,0.21211500000000003,0.04031991958618164,0.07041811943054199,0.0018961429595947266,OPTIMAL,111000,111000,1148,1008,39,3680,4571,32970,2018,2379,0.212115,0.212115,0.189112,0.0510842,0x54d38ced78d8e43d,7502806f359cea8a1186be0bb37399d25abd3272
2024-02-15 19:22:48,9,28,4,1008,4,0,0,0,0,4,0,0,0,84,0.3323380947113037,0.12279319763183594,0.206685,0.04412198066711426,0.0766899585723877,0.001978158950805664,OPTIMAL,111000,111000,1148,1008,36,3602,4286,31900,2018,2201,0.206685,0.206685,0.206678,0.0510842,0x54d38ced78d8e43d,7502806f359cea8a1186be0bb37399d25abd3272
2024-02-15 19:22:54,9,28,4,1008,4,0,0,0,0,4,0,0,0,84,0.3482840061187744,0.14484715461730957,0.20112300000000002,0.07245588302612305,0.07050919532775879,0.001878976821899414,OPTIMAL,111000,111000,1148,1008,52,4018,4874,38812,2019,1963,0.201123,0.201123,0.175207,0.0111091,0x54d38ced78d8e43d,7502806f359cea8a1186be0bb37399d25abd3272
2024-02-15 19:23:01,9,28,4,1008,4,0,0,0,0,4,0,0,0,84,0.3312509059906006,0.11689400672912598,0.212121,0.041174888610839844,0.07376694679260254,0.0019488334655761719,OPTIMAL,111000,111000,1148,1008,29,3694,4154,34939,2018,2152,0.212121,0.212121,0.190654,0.0510842,0x54d38ced78d8e43d,7502806f359cea8a1186be0bb37399d25abd3272
2024-02-15 19:23:05,9,28,4,1008,4,0,0,0,0,4,0,0,0,84,0.3393540382385254,0.11848807334899902,0.21878,0.047265052795410156,0.06942391395568848,0.0017981529235839844,OPTIMAL,111000,111000,1148,1008,88,4093,5576,38200,2020,2048,0.21878,0.21878,0.191997,0.0111091,0x54d38ced78d8e43d,7502806f359cea8a1186be0bb37399d25abd3272
2024-02-15 19:23:09,9,28,4,1008,4,0,0,0,0,4,0,0,0,84,0.3962240219116211,0.1345081329345703,0.259323,0.057627201080322266,0.0749359130859375,0.0019390583038330078,OPTIMAL,111000,111000,1148,1008,122,4098,6150,36432,2020,2003,0.259323,0.259323,0.180801,0.0111091,0x54d38ced78d8e43d,7502806f359cea8a1186be0bb37399d25abd3272
2024-02-15 19:23:16,9,28,4,1008,4,0,0,0,0,4,0,0,0,84,0.29297924041748047,0.11191725730895996,0.17880300000000002,0.039788007736206055,0.07020711898803711,0.0019178390502929688,OPTIMAL,111000,111000,1148,1008,29,3670,4101,34579,2018,2141,0.178803,0.178803,0.158065,0.0111091,0x54d38ced78d8e43d,7502806f359cea8a1186be0bb37399d25abd3272
2024-02-15 19:26:10,9,28,4,1008,4,0,0,0,0,4,0,0,0,84,0.32109713554382324,0.11035013198852539,0.207158,0.03912711143493652,0.0693199634552002,0.0019021034240722656,OPTIMAL,111000,111000,1148,1008,47,3948,5057,39336,2018,2491,0.207158,0.207158,0.166826,0.169008,0x54d38ced78d8e43d,2bfeb889039145363583c9e36a891e8868586c07
2024-02-15 19:33:16,9,28,4,1008,4,0,0,0,0,4,0,0,0,84,0.22830581665039062,0.10055994987487793,0.125648,0.03495597839355469,0.06352686882019043,0.0020761489868164062,OPTIMAL,111000,111000,1148,1008,51,3698,4690,35910,2020,1804,0.125648,0.125648,0.143653,0.059513,0x54d38ced78d8e43d,f3b26aefeff5f181aa12eab4c143752e403c02ce
2024-02-16 07:53:17,9,28,4,1008,4,0,0,0,0,4,0,0,0,84,1.5953660011291504,0.10555100440979004,1.487606,0.03817391395568848,0.06551599502563477,0.0018591880798339844,OPTIMAL,111000,111000,1148,1008,2984,26432,123516,424643,2049,27168,1.48761,1.48761,5.26177,5.82234,0x17a645989b32975d,f3b26aefeff5f181aa12eab4c143752e403c02ce
2024-02-16 07:53:25,9,28,4,1008,4,0,0,0,0,4,0,0,0,84,0.3080317974090576,0.10450601577758789,0.201489,0.037014007568359375,0.06564617156982422,0.0018439292907714844,OPTIMAL,111000,111000,1148,1008,75,4179,5427,43378,2019,2280,0.201489,0.201489,0.212798,0.359762,0x17a645989b32975d,f3b26aefeff5f181aa12eab4c143752e403c02ce
2024-02-16 07:53:32,9,28,4,1008,4,0,0,0,0,4,0,0,0,84,0.27918195724487305,0.10387086868286133,0.17325900000000002,0.03685808181762695,0.0652463436126709,0.0017638206481933594,OPTIMAL,111000,111000,1148,1008,67,3885,5034,37786,2019,1941,0.173259,0.173259,0.161491,0.253798,0x17a645989b32975d,f3b26aefeff5f181aa12eab4c143752e403c02ce
2024-02-16 08:02:38,9,28,4,1008,4,0,0,0,0,4,0,0,0,84,0.24521613121032715,0.1056661605834961,0.137293,0.03685307502746582,0.06697320938110352,0.0018389225006103516,OPTIMAL,111000,111000,1148,1008,12,3265,2942,27754,2018,1335,0.137293,0.137293,0.119269,0.148165,0x17a645989b32975d,f3b26aefeff5f181aa12eab4c143752e403c02ce
2024-02-16 15:56:36,5,28,6,840,6,0,0,0,0,6,0,0,0,100,0.10516691207885742,0.08525705337524414,0.009408000000000001,0.029800891876220703,0.05388808250427246,0.0015680789947509766,INFEASIBLE,NA,NA,0,0,0,0,0,0,0,0,0.009408,0.009408,0,0,,7651e7f8ff291b94b7ebc11ce2cdd408a0271e18
2024-02-16 15:57:00,5,28,6,840,6,0,0,0,0,6,0,0,0,100,0.08573698997497559,0.08284401893615723,0.0011610000000000001,0.02935004234313965,0.05199480056762695,0.0014982223510742188,INFEASIBLE,NA,NA,0,0,0,0,0,0,0,0,0.001161,0.001161,0,0,,7651e7f8ff291b94b7ebc11ce2cdd408a0271e18
2024-02-16 15:57:59,6,28,6,1008,6,0,0,0,0,6,0,0,0,100,0.1042628288269043,0.10059905052185059,0.001572,0.034935951232910156,0.06379914283752441,0.0018630027770996094,INFEASIBLE,NA,NA,0,0,0,0,0,0,0,0,0.001572,0.001572,0,0,,7651e7f8ff291b94b7ebc11ce2cdd408a0271e18
2024-02-16 15:58:26,7,28,6,1176,6,0,0,0,0,6,0,0,0,100,0.11005282402038574,0.1060647964477539,0.001603,0.04037189483642578,0.06410884857177734,0.001583099365234375,INFEASIBLE,NA,NA,0,0,0,0,0,0,0,0,0.001603,0.001603,0,0,,7651e7f8ff291b94b7ebc11ce2cdd408a0271e18
2024-02-16 15:59:43,7,28,6,1176,6,0,0,0,0,6,0,0,0,64,0.10202693939208984,0.0981898307800293,0.0016070000000000001,0.04039716720581055,0.05640602111816406,0.0013849735260009766,INFEASIBLE,NA,NA,0,0,0,0,0,0,0,0,0.001607,0.001607,0,0,,7651e7f8ff291b94b7ebc11ce2cdd408a0271e18
2024-02-16 15:59:44,7,28,6,1176,6,0,0,0,0,6,0,0,0,64,0.10167789459228516,0.09781622886657715,0.001634,0.04035520553588867,0.05597710609436035,0.001482248306274414,INFEASIBLE,NA,NA,0,0,0,0,0,0,0,0,0.001634,0.001634,0,0,,7651e7f8ff291b94b7ebc11ce2cdd408a0271e18
2024-02-16 16:02:31,7,28,6,1176,6,0,0,0,0,6,0,0,0,64,0.14554119110107422,0.14121389389038086,0.001747,0.07855892181396484,0.06121087074279785,0.0014410018920898438,INFEASIBLE,NA,NA,0,0,0,0,0,0,0,0,0.001747,0.001747,0,0,,7651e7f8ff291b94b7ebc11ce2cdd408a0271e18
2024-02-16 16:03:14,7,28,6,1176,6,0,0,0,0,6,0,0,0,64,0.41275811195373535,0.09988093376159668,0.310303,0.0426020622253418,0.0558779239654541,0.0013990402221679688,OPTIMAL,133000,133000,1269,1176,10,4027,9183,34680,2354,1277,0.310303,0.310303,0.369654,0.279833,0x1881f45aa53d9382,7651e7f8ff291b94b7ebc11ce2cdd408a0271e18
2024-02-16 16:07:41,7,28,6,1176,6,0,0,0,0,6,0,0,0,100,1.267599105834961,0.10774517059326172,1.157586,0.042244911193847656,0.06390500068664551,0.0015921592712402344,OPTIMAL,98000,98000,1297,1176,312,5625,28806,112300,2357,5022,1.15759,1.15759,2.461,4.9843,0x39a601bfbabe71c8,7651e7f8ff291b94b7ebc11ce2cdd408a0271e18
2024-02-16 16:15:46,7,28,6,1176,6,0,0,0,0,6,0,0,0,100,0.27753210067749023,0.10870027542114258,0.166364,0.04227924346923828,0.06480598449707031,0.0016140937805175781,OPTIMAL,98000,98000,1297,1176,0,2370,9299,36994,2352,443,0.166364,0.166364,0.0588029,0.120624,0x39a601bfbabe71c8,7651e7f8ff291b94b7ebc11ce2cdd408a0271e18
2024-02-16 16:27:07,7,28,6,1176,6,0,0,0,0,6,0,0,0,100,0.28582239151000977,0.11440730094909668,0.16901100000000002,0.0456240177154541,0.06701111793518066,0.0017690658569335938,OPTIMAL,98000,98000,1297,1176,0,2386,9317,37122,2352,565,0.169011,0.169011,0.0726554,0.140985,0x39a601bfbabe71c8,7651e7f8ff291b94b7ebc11ce2cdd408a0271e18
2024-02-16 16:33:13,7,28,6,1176,6,0,0,0,0,6,0,0,0,100,0.3000030517578125,0.12740206718444824,0.168852,0.059464216232299805,0.06627511978149414,0.001661062240600586,OPTIMAL,98000,98000,1297,1176,0,2486,9464,38052,2352,737,0.168852,0.168852,0.0484175,0.120999,0x39a601bfbabe71c8,7651e7f8ff291b94b7ebc11ce2cdd408a0271e18
2024-02-16 16:48:17,7,28,6,1176,6,0,0,0,0,6,0,0,0,100,821.449296951294,821.267205953598,0.178793,0.0435938835144043,821.2218999862671,0.0017049312591552734,OPTIMAL,98000,98000,1297,1176,0,2497,9482,38156,2352,774,0.178793,0.178793,0.073282,0.356635,0x39a601bfbabe71c8,7651e7f8ff291b94b7ebc11ce2cdd408a0271e18
2024-02-16 16:59:38,7,28,6,1176,6,0,0,0,0,6,0,0,0,140,0.6162338256835938,0.13332200050354004,0.473687,0.059870243072509766,0.07183003425598145,0.001619100570678711,OPTIMAL,110000,110000,1017,896,0,2121,7859,29433,1793,1412,0.473687,0.473687,0.404229,1.70999,0x3922fc7c84071195,7651e7f8ff291b94b7ebc11ce2cdd408a0271e18
2024-02-16 17:02:12,7,28,6,1176,6,0,0,0,0,6,0,0,0,140,7.832024097442627,7.690611124038696,0.138749,0.058766841888427734,7.630123853683472,0.0017192363739013672,OPTIMAL,110000,110000,1017,896,0,1799,7356,27180,1793,459,0.138749,0.138749,0.0522684,0.0912584,0x3922fc7c84071195,7651e7f8ff291b94b7ebc11ce2cdd408a0271e18
2024-02-16 17:38:50,7,28,6,1176,6,0,0,0,0,6,0,0,0,140,0.2469642162322998,0.10988306999206543,0.127145,0.0411219596862793,0.06715226173400879,0.0016078948974609375,OPTIMAL,110000,110000,1017,896,0,1792,7336,27092,1792,387,0.127145,0.127145,0.0384626,0.109919,0x3922fc7c84071195,efa17c07db7ac63fceb36edb8445c3878e532417
2024-02-16 18:30:56,7,28,6,1176,7,0,0,1,0,6,0,0,0,140,1.8195991516113281,0.1964249610900879,1.6121690000000002,0.0494990348815918,0.12928509712219238,0.017637968063354492,OPTIMAL,110000,110000,1598,1463,614,9071,47615,158428,2930,12545,1.61217,1.61217,2.43548,12.3314,0xe12a8a437f4647d2,1e65da9d55e9098d3a98cfdf076f141326c95821
2024-02-16 18:39:59,7,28,6,1176,7,0,0,1,0,6,0,0,0,140,3.1563189029693604,0.16326570510864258,2.990171,0.04197883605957031,0.10387492179870605,0.017410755157470703,OPTIMAL,106000,106000,1682,1547,1503,11987,95727,327112,3098,18616,2.99017,2.99017,6.53573,32.6775,0x8ea8eccc1983d04e,1e65da9d55e9098d3a98cfdf076f141326c95821
2024-02-16 18:42:48,8,28,6,1344,7,0,0,1,0,6,0,0,0,140,10.802772045135498,0.19089913368225098,10.608543000000001,0.0482790470123291,0.1221470832824707,0.020472049713134766,OPTIMAL,144000,144000,1953,1768,9845,31523,1104393,2966485,3545,43180,10.6085,10.6085,31.1534,30.1246,0x6d5b12a71c8304c7,1e65da9d55e9098d3a98cfdf076f141326c95821
2024-02-16 18:50:41,8,28,6,1344,8,0,0,1,1,6,0,0,0,140,2.2543177604675293,0.19530081748962402,2.055358,0.046955108642578125,0.12470698356628418,0.0236358642578125,OPTIMAL,167000,167000,1956,1768,989,9955,57387,180882,3541,13484,2.05536,2.05536,2.75691,3.33114,0x81790f6912e760d3,1e65da9d55e9098d3a98cfdf076f141326c95821
2024-02-16 18:53:13,8,28,6,1344,8,0,0,1,1,6,0,0,0,140,0.891319751739502,0.2309560775756836,0.657184,0.08050918579101562,0.1269209384918213,0.023523807525634766,OPTIMAL,167000,167000,1956,1768,73,5498,15187,80443,3538,2923,0.657184,0.657184,0.679875,2.38471,0x81790f6912e760d3,1e65da9d55e9098d3a98cfdf076f141326c95821
2024-02-16 18:58:31,9,28,6,1512,8,0,0,1,1,6,0,0,0,140,10.360782861709595,0.21940183639526367,10.137456,0.0532228946685791,0.14032292366027832,0.025854825973510742,OPTIMAL,208000,208000,2197,1989,2462,35491,197606,646529,3999,70792,10.1375,10.1375,23.2915,35.882,0x60a48d3440a0095c,1e65da9d55e9098d3a98cfdf076f141326c95821
2024-02-16 19:00:37,8,28,6,1344,8,0,0,1,1,6,0,0,0,140,14.229088068008423,0.19529008865356445,14.030319,0.04798412322998047,0.12390685081481934,0.023397207260131836,OPTIMAL,167000,167000,1956,1768,8063,37098,653019,1863573,3554,66079,14.0303,14.0303,46.2236,53.1305,0xb087bc3d35765340,1e65da9d55e9098d3a98cfdf076f141326c95821
2024-02-17 17:26:32,8,28,6,1344,8,0,0,1,1,6,0,0,0,140,1024.7973091602325,1024.1018681526184,0.6833680000000001,0.05039525032043457,1024.0274350643158,0.02403569221496582,OPTIMAL,167000,167000,1956,1768,53,5245,13535,72706,3538,3178,0.683368,0.683368,0.685854,2.30514,0xb087bc3d35765340,1e65da9d55e9098d3a98cfdf076f141326c95821
2024-02-17 17:28:41,8,28,6,1344,8,0,0,1,1,6,0,0,0,140,36.08510899543762,33.552006006240845,2.528349,0.046473026275634766,33.48268389701843,0.022844791412353516,OPTIMAL,152000,152000,1956,1768,404,12247,30291,152888,3542,17506,2.52835,2.52835,4.19943,3.36638,0x6775fe851e523e53,1e65da9d55e9098d3a98cfdf076f141326c95821
2024-02-17 17:29:15,8,28,6,1344,8,0,0,1,1,6,0,0,0,140,5.442556142807007,4.735197067260742,0.7038030000000001,0.04656624794006348,4.66551661491394,0.023113250732421875,OPTIMAL,152000,152000,1956,1768,84,6709,14708,78152,3538,3632,0.703803,0.703803,0.899338,2.29969,0x6775fe851e523e53,1e65da9d55e9098d3a98cfdf076f141326c95821
2024-02-17 17:48:09,8,28,6,1344,8,0,0,1,1,6,0,0,0,140,0.9786050319671631,0.19300031661987305,0.775784,0.04684114456176758,0.12336587905883789,0.022790193557739258,OPTIMAL,152000,152000,1956,1768,85,7080,15299,81596,3538,4325,0.775784,0.775784,1.0551,3.35071,0x6775fe851e523e53,1e65da9d55e9098d3a98cfdf076f141326c95821
2024-02-17 17:50:02,8,28,6,1344,8,0,0,1,1,6,0,0,0,140,0.9282410144805908,0.19280004501342773,0.732086,0.04779791831970215,0.12219810485839844,0.022801876068115234,OPTIMAL,152000,152000,1956,1768,71,6795,14680,78817,3538,3709,0.732086,0.732086,0.975247,2.33167,0x6775fe851e523e53,1e65da9d55e9098d3a98cfdf076f141326c95821
2024-02-17 17:56:24,8,28,6,1344,8,0,0,1,1,6,0,0,0,140,92.23419094085693,91.47258591651917,0.7579400000000001,0.04644775390625,91.40200805664062,0.02412700653076172,OPTIMAL,152000,152000,1956,1768,71,6857,14851,80219,3538,3964,0.75794,0.75794,0.95029,2.38471,0x6775fe851e523e53,1e65da9d55e9098d3a98cfdf076f141326c95821
2024-02-17 17:57:08,8,28,6,1344,8,0,0,1,1,6,0,0,0,140,22.853600025177002,2.814389944076538,20.033366,0.0507049560546875,2.741447925567627,0.02223515510559082,FEASIBLE,163000,162000,1789,1618,17787,60460,2584467,6475714,3260,110722,20.0334,20.0334,84.8274,83.3555,0x570998ec61f7936f,1e65da9d55e9098d3a98cfdf076f141326c95821
2024-02-17 17:59:42,9,28,6,1512,8,0,0,1,1,6,0,0,0,140,7.166981935501099,2.485786199569702,4.677119,0.054447174072265625,2.4075889587402344,0.023748159408569336,OPTIMAL,201000,201000,2031,1839,1314,20624,102817,374657,3689,34740,4.67712,4.67712,8.79545,20.4902,0xc28889ca65d4bdf6,1e65da9d55e9098d3a98cfdf076f141326c95821
2024-02-17 18:00:40,9,28,6,1512,8,0,0,1,1,6,0,0,0,140,2.8532731533050537,2.2040109634399414,0.6455770000000001,0.05509305000305176,2.124634265899658,0.024280786514282227,OPTIMAL,201000,201000,2031,1839,51,5898,15401,83806,3680,3251,0.645577,0.645577,0.749554,2.25345,0xc28889ca65d4bdf6,1e65da9d55e9098d3a98cfdf076f141326c95821
2024-02-17 18:01:53,8,28,6,1344,8,0,0,1,1,6,0,0,0,140,18.511512994766235,2.009608030319214,16.498487,0.05351686477661133,1.9351129531860352,0.020975112915039062,OPTIMAL,163000,163000,1789,1618,15437,40048,1275052,3717410,3249,112790,16.4985,16.4985,68.2026,136.362,0x7465995cc81ca18d,1e65da9d55e9098d3a98cfdf076f141326c95821
2024-02-17 18:02:37,8,28,6,1344,8,0,0,1,1,6,0,0,0,140,22.696125268936157,2.657640218734741,20.034671000000003,0.07430028915405273,2.561897039413452,0.02144002914428711,FEASIBLE,163000,160000,1789,1618,23090,76150,2985194,7134495,3279,155084,20.0347,20.0347,95.4055,725.386,0xbb3a89b1f5d56b4c,1e65da9d55e9098d3a98cfdf076f141326c95821
2024-02-17 18:03:25,8,28,6,1344,8,0,0,1,1,6,0,0,0,140,21.905472993850708,1.8619556427001953,20.040031000000003,0.05634188652038574,1.7846877574920654,0.020922183990478516,FEASIBLE,163000,160000,1789,1618,26409,59729,2756308,7159923,3260,127332,20.04,20.04,90.6801,689.422,0x52bbd1eede9b5feb,1e65da9d55e9098d3a98cfdf076f141326c95821
2024-02-17 18:08:42,8,28,6,1344,8,0,0,1,1,6,0,0,0,140,17.822584867477417,4.928819894790649,12.888774000000002,0.0496828556060791,4.855993747711182,0.023138999938964844,OPTIMAL,152000,152000,1956,1768,4106,39722,237843,754053,3562,72229,12.8888,12.8888,37.1193,39.1869,0x6e46af8239af9c16,1e65da9d55e9098d3a98cfdf076f141326c95821
2024-02-17 18:09:36,8,28,6,1344,2,0,0,1,1,0,0,0,0,140,0.3180861473083496,0.1512892246246338,0.16223900000000002,0.04764103889465332,0.08249998092651367,0.021144628524780273,OPTIMAL,0,0,731,1724,68,5289,15997,6374,3452,0,0.162239,0.162239,0.0104709,0.0397525,0xa6e613283c0615b1,1e65da9d55e9098d3a98cfdf076f141326c95821
2024-02-17 18:17:05,8,28,6,1344,3,0,0,2,1,0,0,0,0,140,7.552180051803589,0.15429019927978516,7.394573,0.04634594917297363,0.08542418479919434,0.022516965866088867,OPTIMAL,6000,6000,804,1796,93677,200844,25677043,43566299,3771,0,7.39457,7.39457,48.9565,39.9001,0x2fdbd42a9539bf80,1e65da9d55e9098d3a98cfdf076f141326c95821
2024-02-17 18:21:45,9,28,6,1512,3,0,0,2,1,0,0,0,0,140,3.7742488384246826,0.1735687255859375,3.5969640000000003,0.0529627799987793,0.09571719169616699,0.024886131286621094,OPTIMAL,3000,3000,892,2020,73225,166717,3659285,2762875,4241,0,3.59696,3.59696,29.0342,24.9824,0x9be27ba956ec1228,1e65da9d55e9098d3a98cfdf076f141326c95821
2024-02-17 18:22:03,9,28,6,1512,3,0,0,2,1,0,0,0,0,140,3.6731388568878174,0.17026996612548828,3.499279,0.05156087875366211,0.09427714347839355,0.024430036544799805,OPTIMAL,3000,3000,892,2020,55588,174315,5930371,8780191,4228,0,3.49928,3.49928,26.6966,58.9613,0xd83a7057e01c58a3,1e65da9d55e9098d3a98cfdf076f141326c95821
2024-02-17 18:22:11,9,28,6,1512,3,0,0,2,1,0,0,0,0,140,2.692962169647217,0.17285680770874023,2.5165990000000003,0.05288386344909668,0.09497880935668945,0.024991989135742188,OPTIMAL,3000,3000,892,2020,45412,144431,3821692,4810192,4221,0,2.5166,2.5166,18.6158,35.9449,0xde17e96bd21e25cd,1e65da9d55e9098d3a98cfdf076f141326c95821
2024-02-17 18:23:49,10,28,6,1680,3,0,0,2,1,0,0,0,0,140,0.42853283882141113,0.21303796768188477,0.21197400000000002,0.08085489273071289,0.1048121452331543,0.027369260787963867,OPTIMAL,0,0,981,2244,0,4777,15677,2975,4488,0,0.211974,0.211974,0.0101277,0.0151744,0x5ee653a21a970808,1e65da9d55e9098d3a98cfdf076f141326c95821
2024-02-17 18:25:29,10,28,6,1680,4,1,0,2,1,0,0,0,0,140,0.3136482238769531,0.1945500373840332,0.11553300000000001,0.05928397178649902,0.10767626762390137,0.027589797973632812,OPTIMAL,0,0,1063,2216,2,6982,16894,6140,4410,0,0.115533,0.115533,0.00677891,0.0079761,0xff5ce336ba50c728,1e65da9d55e9098d3a98cfdf076f141326c95821
2024-02-17 18:31:48,10,28,6,1680,4,1,0,2,1,0,0,0,0,140,256.0400619506836,255.91250705718994,0.12335700000000001,0.05871415138244629,255.80675101280212,0.047039031982421875,OPTIMAL,0,0,1063,2204,0,4408,14966,4032,4408,0,0.123357,0.123357,0.00747321,0.0204153,0x3a316f9defb8b428,1e65da9d55e9098d3a98cfdf076f141326c95821
2024-02-17 18:31:58,10,28,6,1680,4,1,0,2,1,0,0,0,0,140,2.0828440189361572,1.8410429954528809,0.236021,0.05809283256530762,1.7373392581939697,0.0456080436706543,OPTIMAL,0,0,1080,2258,7,5304,18413,6381,4517,0,0.236021,0.236021,0.0140762,0.0277718,0xc1654cdcdcc77431,1e65da9d55e9098d3a98cfdf076f141326c95821
2024-02-17 18:34:21,10,28,6,1680,4,1,0,2,1,0,0,0,0,140,5.289802074432373,4.727943181991577,0.558122,0.05788588523864746,4.64094614982605,0.029108047485351562,OPTIMAL,1000,1000,1168,2266,10978,22143,401067,35846,4540,0,0.558122,0.558122,2.084,0.00502301,0xdd270b7bf4dd0648,1e65da9d55e9098d3a98cfdf076f141326c95821
2024-02-17 18:37:18,10,28,6,1680,4,1,0,2,1,0,0,0,0,140,2.6717090606689453,2.473541021347046,0.192391,0.06060504913330078,2.3839969635009766,0.028937816619873047,OPTIMAL,0,0,1039,2264,0,4510,15348,3515,4510,0,0.192391,0.192391,0.0089078,0.00488509,0x40a672ffd0aecd34,1e65da9d55e9098d3a98cfdf076f141326c95821
2024-02-17 18:38:27,10,28,6,1680,4,1,0,2,1,0,0,0,0,140,2.155824899673462,1.9219908714294434,0.229773,0.08243298530578613,1.809636116027832,0.02992081642150879,OPTIMAL,0,0,1062,2269,9,7767,19981,8089,4535,0,0.229773,0.229773,0.0096775,0.0100164,0x9315dabe47dd385a,1e65da9d55e9098d3a98cfdf076f141326c95821
2024-02-17 18:39:25,10,28,6,1680,4,1,0,2,1,0,0,0,0,140,10.067406177520752,9.856869220733643,0.20674700000000001,0.06035804748535156,9.767326831817627,0.02918100357055664,OPTIMAL,0,0,1062,2266,0,4290,15328,3606,4290,0,0.206747,0.206747,0.0101687,0.00510975,0x9315dabe47dd385a,1e65da9d55e9098d3a98cfdf076f141326c95821
2024-02-17 18:40:05,10,28,6,1680,4,1,0,2,1,0,0,0,0,140,0.39864087104797363,0.19362401962280273,0.201,0.05915689468383789,0.1061551570892334,0.028308868408203125,OPTIMAL,0,0,1062,2269,0,6036,16093,4874,4533,0,0.201,0.201,0.00912014,0.00510975,0x9315dabe47dd385a,1e65da9d55e9098d3a98cfdf076f141326c95821
2024-02-17 18:40:28,10,28,6,1680,4,1,0,2,1,0,0,0,0,140,0.41494107246398926,0.21859312057495117,0.19274200000000002,0.0604863166809082,0.10739588737487793,0.05070900917053223,OPTIMAL,0,0,1062,2266,0,3800,15328,3116,3800,0,0.192742,0.192742,0.00901429,0.00510975,0x9315dabe47dd385a,1e65da9d55e9098d3a98cfdf076f141326c95821
2024-02-17 18:47:01,10,28,6,1680,4,1,0,2,1,0,0,0,0,140,2.6376230716705322,2.399872064590454,0.23117800000000002,0.05846381187438965,2.297321081161499,0.0440828800201416,OPTIMAL,0,0,1272,2266,0,4532,15328,6641,4532,0,0.231178,0.231178,0.0168234,0.0800544,0xfe0af4f08a540d01,1e65da9d55e9098d3a98cfdf076f141326c95821
2024-02-17 18:48:22,10,28,6,1680,4,1,0,2,1,0,0,0,0,140,3.484236717224121,3.2483878135681152,0.23134100000000002,0.059819936752319336,3.1479411125183105,0.04062318801879883,OPTIMAL,0,0,1357,2266,50,5433,20334,11557,4534,0,0.231341,0.231341,0.0171172,0.0698545,0x491f785f1f8f5e00,1e65da9d55e9098d3a98cfdf076f141326c95821
2024-02-17 18:49:06,10,28,6,1680,4,1,0,2,1,0,0,0,0,140,6.152634859085083,1.867508888244629,4.281055,0.05772709846496582,1.7777659893035889,0.032011985778808594,OPTIMAL,1000,1000,1393,2290,60709,107403,7152681,10616818,4550,0,4.28106,4.28106,33.5815,10.2393,0x61624ae09dcaebef,1e65da9d55e9098d3a98cfdf076f141326c95821
2024-02-17 18:50:52,10,28,6,1680,4,1,0,2,1,0,0,0,0,140,7.390964031219482,5.006630897521973,2.380204,0.05890369415283203,4.908819198608398,0.03890490531921387,OPTIMAL,1000,1000,1393,2266,47522,113179,2139491,866850,4694,0,2.3802,2.3802,15.9178,0.00494585,0x61624ae09dcaebef,1e65da9d55e9098d3a98cfdf076f141326c95821
2024-02-17 19:01:27,10,28,6,1680,4,1,0,2,1,0,0,0,2,140,2.675239086151123,0.21974825859069824,2.451784,0.07898926734924316,0.11297202110290527,0.0277860164642334,OPTIMAL,1002,1002,1394,2272,44130,99391,1771704,657252,4664,0,2.45178,2.45178,16.6487,38.501,0xf564ff1b42d59e7f,1e65da9d55e9098d3a98cfdf076f141326c95821
2024-02-22 17:43:34,4,28,6,672,3,0,0,2,1,0,0,0,0,140,0.4887418746948242,0.09844779968261719,0.38018100000000005,0.02496194839477539,0.05622410774230957,0.01725912094116211,OPTIMAL,118000,118000,370,889,4745,40426,354447,435131,1895,0,0.380181,0.380181,0.610152,1.85017,0xd88d79975eb011c,cf230669d2b36f38f76b483d03ea040fbe68848b
2024-02-22 18:56:19,1,28,6,168,3,0,0,2,1,0,0,0,0,140,0.030385971069335938,0.02757883071899414,0.000844,0.006135702133178711,0.01738715171813965,0.004055976867675781,INFEASIBLE,NA,NA,0,0,0,0,0,0,0,0,0.000844,0.000844,0,0,,b951add8f51fe4b00b422b97f073b319989c0f3a
2024-02-22 18:56:25,1,28,6,168,3,0,0,2,1,0,0,0,0,140,0.032829999923706055,0.031243085861206055,0.0007620000000000001,0.007789134979248047,0.01927781105041504,0.0041751861572265625,INFEASIBLE,NA,NA,0,0,0,0,0,0,0,0,0.000762,0.000762,0,0,,b951add8f51fe4b00b422b97f073b319989c0f3a
2024-02-22 18:56:53,4,28,6,672,3,0,0,2,1,0,0,0,0,140,0.4228191375732422,0.09589004516601562,0.325052,0.024550199508666992,0.054939985275268555,0.016399860382080078,OPTIMAL,118000,118000,370,889,5583,40546,365113,467109,1883,0,0.325052,0.325052,0.556875,1.58795,0x4b9ee82a4647e1f4,b951add8f51fe4b00b422b97f073b319989c0f3a
2024-02-22 18:58:43,4,28,6,672,4,0,0,2,2,0,0,0,0,140,0.39581298828125,0.09974503517150879,0.294132,0.023716211318969727,0.057649850845336914,0.01837897300720215,OPTIMAL,118000,118000,450,902,6329,40913,371694,560592,1888,0,0.294132,0.294132,0.388665,0.884339,0x6ce1b9e5d6be5bf4,b951add8f51fe4b00b422b97f073b319989c0f3a
2024-02-22 19:22:06,4,28,6,672,4,0,0,2,2,0,0,0,0,140,0.4868779182434082,0.10494112968444824,0.370838,0.025460004806518555,0.06082510948181152,0.01865530014038086,OPTIMAL,118000,118000,450,902,5735,31305,282759,442927,1870,0,0.370838,0.370838,0.424407,0.709206,0x6ce1b9e5d6be5bf4,b3f4d9747f8272c255353618a73703ef421ab909
2024-02-22 19:24:26,4,28,6,672,4,0,0,2,2,0,0,0,0,140,0.6162853240966797,0.10794591903686523,0.497377,0.02597522735595703,0.06251692771911621,0.019450902938842773,OPTIMAL,118000,118000,450,902,7351,36536,354594,531526,1879,0,0.497377,0.497377,0.50868,0.659379,0x6ce1b9e5d6be5bf4,b3f4d9747f8272c255353618a73703ef421ab909
2024-02-23 10:24:17,4,28,6,672,2,0,0,2,0,0,0,0,0,140,0.4355602264404297,0.07618403434753418,0.350544,0.023870229721069336,0.04256486892700195,0.009747028350830078,OPTIMAL,82000,82000,370,889,5699,34059,375525,506501,1862,0,0.350544,0.350544,0.490429,0.580166,0xcce133156d11158c,1631a8ce547151efcea7066232d2f1d828b6bd4b
2024-02-23 10:29:07,4,28,6,672,3,0,0,2,1,0,0,0,0,140,0.3863790035247803,0.0841836929321289,0.300541,0.023898839950561523,0.04784989356994629,0.012433052062988281,OPTIMAL,82000,82000,450,902,6127,36027,321563,493722,1888,0,0.300541,0.300541,0.410763,1.35596,0x5b1c112a7c9ea1c3,d9b2c46eb663ab024a05a09fc2cbb109e8657891
2024-02-23 10:33:34,4,28,6,672,3,0,0,2,1,0,0,0,0,140,0.5738940238952637,0.16117620468139648,0.410853,0.024684906005859375,0.049471139907836914,0.08701705932617188,OPTIMAL,82000,82000,450,902,6713,33052,298514,533761,1873,0,0.410853,0.410853,0.477318,0.694088,0x5b1c112a7c9ea1c3,d9b2c46eb663ab024a05a09fc2cbb109e8657891
2024-02-28 17:56:17,0,35,0,0,0,0,0,0,0,0,0,0,0,0,0.005088090896606445,9.799003601074219e-05,0.0018960000000000001,8.821487426757812e-06,2.193450927734375e-05,6.723403930664062e-05,OPTIMAL,0,0,1,0,0,0,0,1,0,0,0.001896,0.001896,0,0,,37311d6f02fb4796751c3da2328268c9b7416951
2024-02-28 17:58:18,0,35,0,0,0,0,0,0,0,0,0,0,0,0,0.0021889209747314453,8.702278137207031e-05,0.0017790000000000002,3.0994415283203125e-06,1.8835067749023438e-05,6.508827209472656e-05,OPTIMAL,0,0,1,0,0,0,0,1,0,0,0.001779,0.001779,0,0,,37311d6f02fb4796751c3da2328268c9b7416951
2024-02-28 18:08:00,1,35,2,70,0,0,0,0,0,0,0,0,2,70,0.01056528091430664,0.00818014144897461,0.000299,0.002849102020263672,0.005212068557739258,0.00011801719665527344,INFEASIBLE,NA,NA,0,0,0,0,0,0,0,0,0.000299,0.000299,0,0,,37311d6f02fb4796751c3da2328268c9b7416951
2024-02-28 18:09:27,1,35,2,70,0,0,0,0,0,0,0,0,2,70,0.014475107192993164,0.011561870574951172,0.000339,0.003919839859008789,0.0075130462646484375,0.00012803077697753906,INFEASIBLE,NA,NA,0,0,0,0,0,0,0,0,0.000339,0.000339,0,0,,37311d6f02fb4796751c3da2328268c9b7416951
2024-02-28 18:09:49,1,35,2,70,0,0,0,0,0,0,0,0,2,70,0.01557612419128418,0.014628887176513672,0.000246,0.005795001983642578,0.008729934692382812,0.000102996826171875,INFEASIBLE,NA,NA,0,0,0,0,0,0,0,0,0.000246,0.000246,0,0,,37311d6f02fb4796751c3da2328268c9b7416951
2024-02-28 18:15:05,1,35,2,70,0,0,0,0,0,0,0,0,2,70,0.020175933837890625,0.01947808265686035,0.000192,0.00638890266418457,0.012940168380737305,0.00014781951904296875,INFEASIBLE,NA,NA,0,0,0,0,0,0,0,0,0.000192,0.000192,0,0,,37311d6f02fb4796751c3da2328268c9b7416951
2024-02-28 18:19:36,1,35,2,70,0,0,0,0,0,0,0,0,2,70,0.010038137435913086,0.008153200149536133,0.00028700000000000004,0.0028259754180908203,0.005234956741333008,9.226799011230469e-05,INFEASIBLE,NA,NA,0,0,0,0,0,0,0,0,0.000287,0.000287,0,0,,37311d6f02fb4796751c3da2328268c9b7416951
